,1d,5d,10d,21d
2015-01-08,0.0,0.0,0.0,0.0
2015-01-09,-0.00445807602110615,0.00038087143485365793,0.0034510359838750837,-0.001719286584435764
2015-01-12,-0.0030881600575418666,0.007821780448310944,0.01822404558263746,0.02137285241395981
2015-01-13,0.015061010698818711,0.011556290427890747,0.012138677420054478,0.011422172621539328
2015-01-14,-0.005567657867808995,0.007068222527856216,0.007248883088432967,0.002258143000603452
2015-01-15,-0.011514952539030676,-0.0006375754201750627,0.009629252266372568,0.00945452892411991
2015-01-16,-0.020581903405588187,-0.011494855272494053,-0.019519966206321127,-0.025547249553307116
2015-01-20,0.0009458735489458192,0.005731136182000052,0.004905376735384159,0.014607005996239764
2015-01-21,-0.007259248775381089,0.0021990701052092554,-0.009536833188475424,-0.011914610258639935
2015-01-22,0.005766671652076338,0.015086080301312865,0.017560460730020155,0.01886631030815278
2015-01-23,-0.0047198085314391625,-0.004163291965622262,0.0008954301405486031,0.002318237332583628
2015-01-26,-0.0078032734849027285,-0.008193006213831455,-0.008157690606020007,-0.014050306484013286
2015-01-27,-0.006985385919037745,-0.008065396628826438,0.00014381946030828097,-0.01156791409567215
2015-01-28,0.02231662716547711,0.012382870961524794,0.014490461750222172,0.023639562348954035
2015-01-29,0.010190722784738648,0.007616617738349207,0.007543721068269171,0.010700693349898538
2015-01-30,-0.028416847836267634,-0.0072607117039515945,-0.003384932666946172,-0.024636720876740736
2015-02-02,-0.011574703937424768,-0.014909300136252468,-0.019212672753796456,-0.021190432751797217
2015-02-03,-0.010915257523466004,-0.013214508218821086,-0.013420217385963662,-0.03182692322079517
2015-02-04,0.006607142027864166,0.005367272398838496,0.018613067011980178,0.024798307983648682
2015-02-05,-0.012748120884295888,-0.00264004831219411,-0.007750993643059978,-0.013720167432934027
2015-02-06,-0.00663284044700041,-0.006322257893238481,-0.00424619832037898,-0.0031977353885314086
2015-02-09,-0.006697858670674295,-0.002410161944467859,-0.011957653169619609,-0.018604003755011256
2015-02-10,-0.00315482195503336,-0.0021414816723478447,0.009739352960586922,0.01586175142314694
2015-02-11,-0.010067211910763318,0.00041256800629319024,-0.002894836726391792,0.0015759293986574718
2015-02-12,-0.0169098582656938,-0.01008959491074013,-0.007010549494625873,-0.009084474300544154
2015-02-13,0.008944348773019417,-0.002523496212272547,0.005035730918740766,-0.0012954772677403747
2015-02-17,0.008021600279719543,-0.0018082864688780953,-0.0037069826656715987,-0.002465721935812848
2015-02-18,0.0010573048299515886,0.002148739837818159,0.004785417128610137,0.004344020833260576
2015-02-19,-0.018432778306892383,0.0037302975366637625,-0.0035422745150780477,-0.000320007936725375
2015-02-20,0.002478590064677322,0.002753735464247953,-0.00131940679271203,-0.004771131776939996
2015-02-23,-0.00777979661999717,-0.0062547466512644645,0.003255139952259123,0.013256508777703235
2015-02-24,-0.003438135019928401,0.003561453410068083,-0.0026620707487877704,-0.008258145956086427
2015-02-25,-0.00544269225690075,0.006040700357979434,0.0014192318952279681,0.005201947311874955
2015-02-26,0.00589527254067157,0.005135059951413279,-0.004320811235911437,0.007340951936025464
2015-02-27,-0.011651173378884105,-0.0051794494560371,-0.007056489871561822,-0.0028693471758046707
2015-03-02,0.01069115895918693,0.009609429176590245,0.007897593970568995,0.00021763924185336236
2015-03-03,0.004849105894271677,0.007804938786115878,-0.0019507091462563908,-0.0011143359943659448
2015-03-04,0.0038387822889813794,0.0020845581691515402,0.009462269232375808,0.015616438035581215
2015-03-05,0.006950346795476348,0.005370231357018085,0.0032120578625300933,-0.0017887243022353116
2015-03-06,-0.003329712372632243,-0.006245522738279052,-0.004854251289794442,-0.01188766427909349
2015-03-09,-0.001492524814439844,-0.007801982398121687,-0.010024120837145878,-0.002845650079274953
2015-03-10,0.004323185439671695,0.01187391629093848,0.0064952099113910755,0.0077234931673579865
2015-03-11,0.004181430175331569,0.002595602613568282,0.009927545730961773,-0.001478721553590967
2015-03-12,-0.008013740489066556,-0.005204445184453066,-0.0031105073449789744,-0.014977723876583249
2015-03-13,-0.0007340779082847249,-0.000987466153963945,-0.0025381607840168074,-0.003369595592027319
2015-03-16,-0.013274390398842928,0.00020609601539067768,-0.002061885117680462,-0.004517557172865949
2015-03-17,0.007995899974214238,-0.008338510334934823,-0.0019171912369327915,-0.003188058082617462
2015-03-18,0.01987075399425775,0.0067074608375585765,0.008500536929341163,0.011580737890490855
2015-03-19,0.007710046540349458,0.0015546998381117394,-0.002149650379484558,0.0008629226933829504
2015-03-20,-0.0006561579698607378,0.01311857583365117,0.0026108357076766175,0.006337634719232321
2015-03-23,-8.28539911084114e-05,0.001461641424777671,-0.006497648936967915,-0.006227252242973269
2015-03-24,-1.6525173628156864e-05,0.003010388283015475,-0.0008969073899599556,0.005465807647107246
2015-03-25,0.01968636366775911,0.0039003477671228914,0.012596101318377961,0.02283186094381895
2015-03-26,0.009644752067671014,0.005293237141951401,-0.0020320058552095732,-0.001320657941373815
2015-03-27,0.00010750045269225517,0.004855108945602593,0.0073544273603587396,-0.00470630430497232
2015-03-30,-0.011162356460427292,-0.009091551402760745,-0.0014083805710877195,0.007182143413113851
2015-03-31,-0.002825710048664498,-0.007048548007165478,-0.0023256743024023807,-0.002366770639864346
2015-04-01,0.004873475971037378,-0.012551580563809672,0.004798752337125123,0.005610031208637123
2015-04-02,-0.004034660018372271,0.0006857564669904281,0.0018740635334897338,0.005294657301073036
2015-04-06,-0.02145476975978078,-0.009227423064355311,0.00030812297783522347,0.010424083101790327
2015-04-07,0.0007845462337920939,0.0005940896378386906,-0.004038736131416365,-0.0018160277954193393
2015-04-08,0.008413729207720433,0.015541508601195408,0.012877054875314098,0.0015719255323667358
2015-04-09,-0.005674749489531505,-0.006440758068668839,-0.0039922048634009055,0.007232741004942866
2015-04-10,0.0017134735431825199,0.00654808010915664,0.005442606698598418,0.0068982696598181015
2015-04-13,-0.0007180042420328325,0.0048074105923758825,0.00739365342812226,0.012214094966056743
2015-04-14,-0.005703975839855602,-0.005292027125750276,0.0022674945657630285,0.007483468983484176
2015-04-15,-0.010130755670575864,-0.017429246197797288,-0.011881537672340903,0.005239539616446853
2015-04-16,0.014442652811194945,0.01241122981159215,0.03358504562319986,0.030603033508909805
2015-04-17,0.0011204964349627033,0.0030282576201725586,0.012593111028626147,0.004029656064492126
2015-04-20,0.004777186490569685,0.0013491281376092346,5.086453983560446e-05,-0.004515646059775835
2015-04-21,0.007116506485006946,0.02027339623992197,0.00853972607060749,-0.003864188314562478
2015-04-22,-0.005029738057678479,0.006046987816533678,0.005952206652751313,0.002112978943910271
2015-04-23,-0.002617027288924101,0.0008535302895129604,-0.0023393454551940973,-0.0032361337079782615
2015-04-24,0.008212500669952938,-0.007101851733685827,0.011646377810720754,0.020778807951021605
2015-04-27,-0.0007657621775147838,-0.006252479740292083,0.0009325698454918374,-0.003860860132907984
2015-04-28,-0.01063395845643933,-0.01199611491468433,-0.006925524986651221,0.001711968523590457
2015-04-29,0.0028653635298927504,0.0033446454751244747,0.006893179354844348,0.0042531478706859804
2015-04-30,-0.012577862337669221,-0.0011430334581510326,0.007343758792503818,0.0074177321736674795
2015-05-01,0.0020453316988215953,-0.00013091449227242702,-0.00331538713128543,-0.011824003392124527
2015-05-04,0.002628434496918741,-0.003015467460397603,0.001306896050089934,-0.0021053978001082108
2015-05-05,-0.008736921936261077,-0.005985810072872688,0.002487694627234527,0.005029048660010194
2015-05-06,-0.00793201625305251,0.002679984676831282,0.007129754451699943,0.001762365209697636
2015-05-07,-0.0010089066147277448,0.003400705341229271,0.0032841698458092594,-0.0027591615499531486
2015-05-08,-0.0022165557457033414,0.0028573515864629417,0.0023044789205650673,-0.0025376505859474596
2015-05-11,0.0030162147010817097,-6.248939064867898e-06,0.005004357299176254,0.0032849731158623996
2015-05-12,-0.001795386563650081,-0.011896126173432164,-0.012183963225074645,-0.00514123803659472
2015-05-13,-0.0045718971992884105,-0.003312670541378182,8.501638311941839e-05,0.0016812035082629517
2015-05-14,-0.000951168529982338,-0.0024798979597563386,-3.583392157546772e-05,0.00010713334529310892
2015-05-15,0.006279885510072303,-0.0005885849065886406,-0.00015936345393197104,-0.0012030225940107275
2015-05-18,-0.00015966566972269725,0.004344976262936839,0.0008095197766713191,-0.0018078673882514495
2015-05-19,0.0025834319130420003,0.0007843803309781627,0.0020736025126293356,0.005089795831856536
2015-05-20,0.004036466539057759,0.006436386110838743,0.019235191087060732,-0.0006136389038517986
2015-05-21,0.0009568922543357061,0.005681640023007972,0.010931397541031451,-0.004160598166930263
2015-05-22,-0.008166207285343785,-0.005178075117663661,-0.005028901976931843,-0.002631715440966409
2015-05-26,-0.010897515844191186,-0.0003433074977171602,-0.0016301849263661294,0.003785959403129535
2015-05-27,-0.00019478736206102187,-0.005684628365506761,-0.00547257676662094,-0.0027803699620870814
2015-05-28,0.009825606506291384,0.0032660430327775547,0.0029549448646335463,0.004466082554688278
2015-05-29,-0.002733948864433011,-0.00179791453802014,-0.005318107353441626,-0.001365304686506419
2015-06-01,0.010157495602852062,-0.0019685629261612103,-0.007164567980082359,-0.002384677139758762
2015-06-02,0.0027753574854347818,0.005842448445850579,0.01659959204696504,0.0027179006742075185
2015-06-03,0.006739499904215629,0.004590764505319367,0.008405318109537374,-0.004741310876810068
2015-06-04,-0.004069616662234599,0.004722741229925997,0.0015377748982901007,0.0030861661259347084
2015-06-05,-0.0007837322515714673,0.0011100211282368821,0.0029029487472520543,-0.002330361031349759
2015-06-08,0.008545608395054582,0.013404216991216078,0.013058097441507988,0.0072132800807283015
2015-06-09,-0.002972862765887818,0.0011252200965949921,0.008950199712923768,0.002519379381624276
2015-06-10,-0.0027032827273894,-0.00373746354777027,0.0018166195157238718,-0.0038358419546853373
2015-06-11,-0.004331663257773455,0.0022864186115392204,-0.0038838109973812207,0.0033772300983681003
2015-06-12,0.004843497003232944,-0.0015515190789917588,-0.0045540792161029575,-0.004541517541061801
2015-06-15,-0.010994212332297026,-0.01399915374469296,-0.007920538575004632,-0.008466926268352437
2015-06-16,-0.0004503856546705931,-0.0037875098799327045,8.715878299381252e-05,0.0005575332480174389
2015-06-17,0.0017460830739490785,-0.0014511582545200241,0.0011813630012942333,0.002679408524433491
2015-06-18,0.004496022371449193,-0.008885349463222836,-0.004095377271966294,-0.0028873230282684403
2015-06-19,-0.002534906044413532,0.0004247299520343528,-0.0030368038240903283,-0.004820919736452267
2015-06-22,-0.01412070855638814,0.03301142441201832,0.03001727639442575,-0.036363898441689524
2015-06-23,0.00981547682585071,-0.012461575040708217,-0.010570072455773682,0.0038955508966895813
2015-06-24,0.0021441729061615344,-0.008023421316423196,-0.0037672117226145163,0.0005342925791822495
2015-06-25,0.01688771598901262,0.005270571322819384,-0.0003200503813770572,0.01249897685001411
2015-06-26,-0.01871473558861758,-0.018369292037750395,0.01892614001829429,0.0014129161583305017
2015-06-29,0.0016318262473331568,0.006781689244533373,0.008720101837849992,0.01556240617932847
2015-06-30,7.046559961976229e-06,-0.0037828468711346153,-0.0061957480284872135,-0.0027361200568840616
2015-07-01,-0.009737892985901442,0.006254027712425225,0.011700659543847802,0.012582127398026222
2015-07-02,-0.00025420228682737633,-0.0025807224752125713,-0.0027109523898013466,-0.002276949965556163
2015-07-06,-0.004218646308712493,-0.0017032319699561427,0.0020615070064313734,0.006600484529008188
2015-07-07,0.0013730555315754067,0.004082879570012077,0.0015616670376015218,-0.0009475090690662658
2015-07-08,-0.0021965288408176686,0.00047050968178341535,0.006190072295993776,0.01494731921695136
2015-07-09,0.011184202204517213,0.004579928862845417,0.005983719685792588,0.0004200713842354986
2015-07-10,-0.002154399333999635,-0.009073869953663882,-0.004286121776813867,-0.021155524241347368
2015-07-13,0.005462246184797737,0.004040021741687827,0.010277566303849905,0.003986412661773686
2015-07-14,-0.016664450067185754,-0.001185310914573856,-0.019026461698336772,-0.012933098077458904
2015-07-15,0.006474099754453677,0.009775931797006754,0.013501289836842734,0.012782703973359455
2015-07-16,0.010626391365400334,0.016885646423325573,0.008117665783508032,0.0038878524303458395
2015-07-17,0.0020831836925490066,0.00704298078114074,0.02492481203529806,0.03258124357063674
2015-07-20,0.0034996054087343964,0.009930736251338557,0.021378455232352378,0.010841624605880673
2015-07-21,-0.0033663970723464276,-0.0023250733794406564,-0.005206869252805224,0.0009138894072089343
2015-07-22,-0.001335531219285535,-0.00437017053876676,0.004505987692938307,0.008949500481347572
2015-07-23,0.01504799811317481,-0.013184684224752385,-0.012924781888833836,-0.010461243809264276
2015-07-24,0.018383534187854433,0.013285864424140481,0.011168412575956355,-0.00915966967940618
2015-07-27,0.006462655887413016,0.015922192390625867,0.005469386147761712,0.016025163684737942
2015-07-28,0.005235907507614046,-0.01693091695469784,-0.019208231998551928,-0.012626297669542708
2015-07-29,-0.0002927862522610347,-0.004541306457985672,-0.0010185158390888516,-0.00248844778012558
2015-07-30,0.012370364547505508,0.013548656312026619,0.0029572572756375592,0.011118488366315349
2015-07-31,0.0016296310726864327,0.016036533445159984,0.01624141871479834,0.013484855569444676
2015-08-03,0.011765083764412987,0.00726440994703581,0.011459631502475087,0.008310145350364895
2015-08-04,0.010597952179224324,0.009162245400487157,0.010990254686593204,0.002183341339672351
2015-08-05,0.013359589575185904,0.010301678071379383,0.008630059433781367,0.02052643688351896
2015-08-06,-0.008171275418391244,-0.007310842165239806,0.0036865057992927497,-0.010811612915850866
2015-08-07,0.006115349804840964,0.0053290371959726635,0.009901851496158187,0.004329625887780075
2015-08-10,-0.02861769980584672,-0.022725389443340793,-0.01993691729870084,-0.018127926983759868
2015-08-11,0.002622505693974375,-0.0014540781868026542,0.013060457399553194,0.012018199935475593
2015-08-12,-0.008584395583794424,-0.020773560876794495,-0.013750899625503465,-0.010498707724385326
2015-08-13,0.019882145077080082,0.02005105880950042,0.014141928658007341,0.012433753171763762
2015-08-14,-0.0034232939320030242,-0.008447481907993937,-0.0011786542691518687,-0.005188189114946118
2015-08-17,-0.0021560691152895384,0.004301150973414769,0.006093361817199661,0.005256218094747522
2015-08-18,0.007487231088122215,0.01596438365298747,0.014122035186024728,0.005399228668462097
2015-08-19,0.006065953335566254,0.00704446203810094,0.016827961083692555,0.01057235954366531
2015-08-20,-0.007614414611741949,0.00518644577105154,0.01603073707309899,0.00706938340816321
2015-08-21,-0.010042544436697165,-0.011969278254358673,0.0018130035981145376,-0.010751271910388827
2015-08-24,0.00976202080474975,0.019959638689790227,0.009895168725575942,0.018308078640643766
2015-08-25,0.025289750825319146,-0.015022096352375502,0.004421315045148644,-0.012973858213086498
2015-08-26,0.010324582014934691,0.004711554425376185,0.011403921670034345,0.010956885191219845
2015-08-27,-0.03078959601832265,-0.028558521670330128,-0.039677762497285274,-0.02738045703723191
2015-08-28,-0.0010202371963403678,-0.00712682468031911,-0.007331878708249362,-0.012400341998645481
2015-08-31,-0.014556907863018997,-0.008091246411436326,-0.003127359249296302,-0.011771912567565712
2015-09-01,0.002629328355735039,0.011922831309900017,0.010566039754497325,0.010421996591268412
2015-09-02,-0.01378588581360618,0.0006695334955288956,0.005392667339021218,0.0018363726028556293
2015-09-03,-0.010835068482742627,0.009273116707976925,0.015664140290480022,0.011112146766297348
2015-09-04,-0.002506291693455953,0.00040724739814623767,0.005877333902889248,-0.0031703536089852102
2015-09-08,-0.0016854911200527845,0.0074816766920073885,0.01872654381924521,0.005709115956809674
2015-09-09,-0.012764654550207588,-0.014962091457879967,-0.017140228781356348,-0.003147414238255819
2015-09-10,-0.005440525070882218,-0.00579321085331963,-0.012427934149985331,0.0011288141479552927
2015-09-11,0.0025491882625250373,0.0011573098298240936,0.00012310540618698518,0.01190620794768793
2015-09-14,-0.00021305817532557558,-0.0029682715004651916,0.006503426664711709,0.0011278218866790368
2015-09-15,0.0004764168081365927,0.00558099521681088,0.002658137957954443,0.004464566694651895
2015-09-16,0.00698949181241737,0.012081676524832385,0.0012121060662066974,-0.019121844484783823
2015-09-17,-0.014386362287019505,-0.005984555554443771,-0.006872964827200456,2.6276613319442532e-05
2015-09-18,-0.004587709896153314,0.0008753087101749379,0.006624884651923235,0.023474641307976274
2015-09-21,0.006995990116797746,-0.0037476132080827007,0.00489080596099245,-0.002784588909554464
2015-09-22,0.01016725882920766,0.007696752550554908,0.003088626459841093,-0.0023331508033130888
2015-09-23,0.005997441631114153,-0.004751658428512218,0.008077686258969097,0.020936504699919256
2015-09-24,-0.00020250106736019458,0.007082125777099657,0.010301349549452166,-0.004171487115300909
2015-09-25,-0.008685131639825872,0.001890451868318932,0.01623145201556042,0.0072329709107563644
2015-09-28,0.007047020383262215,-0.0014088536159064802,0.0032484986419076822,0.01234720676699963
2015-09-29,0.01693790141118101,0.006712834704019732,0.008979993775173556,-0.004002319334261428
2015-09-30,-0.004075331481361633,0.00037679912827681683,0.0046559469172868795,-0.005755855364868001
2015-10-01,-0.0020025144805240203,-0.003123689407244612,-0.0016751388278494206,0.0023152421170096193
2015-10-02,-0.003024846824266181,-0.01348891285833842,-0.009889529228456095,-0.0326114337838479
2015-10-05,-0.014217161625727504,-0.017698508755267683,-0.01024869430478037,-0.02305493653433921
2015-10-06,-0.02187793513407077,-0.03769730660555126,-0.01734630057281694,-0.04055514694980855
2015-10-07,-0.006012880078413496,-0.01215656681892896,0.002187740070183297,-0.014005080197005415
2015-10-08,-0.005811151951253479,-0.006537388558637058,0.005780031401862118,-0.0075645896078921915
2015-10-09,0.02028326724939422,0.0039000755582156987,-0.000570062247849723,-0.003671445470786794
2015-10-12,0.006729313707937168,0.00517322546771859,0.011554054201169839,0.017681219693084893
2015-10-13,0.021222960363500798,0.01688593884923928,0.01640531897148878,0.004758694142616093
2015-10-14,-0.0050420124233360175,-0.004964054819460606,-0.010961662266983363,-0.0066356253235950735
2015-10-15,-0.008267931603726075,0.015177788628775168,0.014343329460195342,-0.008631735755306291
2015-10-16,0.009768291672699547,0.004642448937576704,0.011158798204819576,0.004171129981756616
2015-10-19,0.0020124355564137275,0.010507030588776667,0.007790566621005635,0.024655903609264396
2015-10-20,-0.00767747023393528,-0.01509370842400648,-0.0028030257886919596,-0.008101433775739242
2015-10-21,0.004151697431688195,0.0035106173933381335,0.00833015804407733,0.011359908087429371
2015-10-22,0.009683104250598928,0.01820682750816327,0.025558328626460902,0.007402475774334283
2015-10-23,0.006582013146568588,0.0026221726638988585,0.005085530725911447,0.009117017233111646
2015-10-26,0.018714711432870068,0.00934485766435178,0.01860624275979439,0.021140522037160103
2015-10-27,0.002879082069983774,-0.0009597879748215465,-0.00019031998230512048,0.01461249080776894
2015-10-28,-0.009307866000320963,-0.0005744681913342209,0.001395466479646723,-0.002210194611394267
2015-10-29,0.0003157897304277846,-0.001968879671800594,-0.0002832450213775539,-0.0074455308400322995
2015-10-30,-0.014976234292308432,0.008350634745291297,0.015531128428127428,-0.006310107681078758
2015-11-02,-0.0002294369762140258,-0.003425636763819795,0.007167554318044944,-0.011710573723272555
2015-11-03,0.007250550535558231,-0.003891600863061173,0.011021393342499186,-0.01718898176708361
2015-11-04,-0.0069417334627827065,0.0027588728241942917,0.0033741757833665176,0.024793733529342443
2015-11-05,0.011144327402945686,-0.0008629664671102599,-0.004854879654723532,0.012338901348486697
2015-11-06,-0.003977393062445156,-0.0038966278810174115,0.002489273411126147,0.008228648693166196
2015-11-09,0.005940333695105604,0.00026258561041125894,-0.0029503126054797324,0.006085663149268061
2015-11-10,0.0031956129851442583,0.00831661844178222,0.007126121438637778,-0.0012163489278654849
2015-11-11,-0.009307636670096042,-0.001733288424859314,-0.0022577355106612185,0.001242531195294827
2015-11-12,0.0025607293922584873,0.00751361656395555,0.011755161380623491,0.015163904561854125
2015-11-13,-0.010145405736149637,-0.012208459862308785,-0.014457697404956615,-0.012327346070851175
2015-11-16,0.007697448540642027,-0.0019207326750386722,-0.0041360440600158865,-0.011783454129522863
2015-11-17,0.014216378983404443,0.010882592579218642,0.01733309426219476,0.01096548407501352
2015-11-18,-0.014498657178170893,-0.016862176505172743,-0.02322473342982756,-0.02566459056430548
2015-11-19,0.005291350335035583,-0.002438317093848341,0.010389870330816953,0.012545836488780493
2015-11-20,0.0019486059408777567,-0.000490153748102351,-0.007349401480277407,-0.008747957689739239
2015-11-23,0.0054757271413996556,0.011619320832569446,0.0030936862747756866,0.0056171733686589675
2015-11-24,0.01505088751745065,0.0054333057932074436,0.0016663967854992912,-0.0008653321988100204
2015-11-25,0.0024752707549586805,-0.0007461331056436427,0.0041690242467700145,0.012955747569165288
2015-11-27,0.001151476233047788,-0.005940046153094736,-0.004793537174306639,8.544259884057936e-05
2015-11-30,0.00823049510404994,-0.0033171527026200076,0.0013149293916208116,-0.0046120681346996095
2015-12-01,-4.9674287101453274e-05,0.007725537804244009,0.00860594990596164,0.007065225534537145
2015-12-02,0.008308365687084374,0.005594277779629175,0.00873817027171686,0.026731025446411483
2015-12-03,0.012906614824383711,0.012592806964447645,0.01693994211057226,0.017352692068929754
2015-12-04,0.006684329318802806,0.006647659361478375,0.0015413137337974003,0.008563243507593077
2015-12-07,-0.005048776583569281,-0.0042031453986690614,0.0034799173428861074,0.01771324715111744
2015-12-08,-0.0082021665197618,-0.011286996097867319,-0.0011182450506599384,0.0034997403202110533
2015-12-09,-0.006899149979291641,0.010061617610044982,-0.008586772833096945,-0.021149601771081494
2015-12-10,-0.004376804340752827,0.0061351246782621605,0.007190172163898723,0.009423050239499409
2015-12-11,-0.005219117991218547,-0.011411330400758368,-0.007547538121062458,0.0053731595709065605
2015-12-14,-0.004742791018113035,-0.004130495387311139,-0.005739879377178347,0.0041082803401404355
2015-12-15,-0.0006224237778180708,0.0057597075903006445,0.0045391564783032745,-0.0022780916379675498
2015-12-16,0.003643034468455708,0.00012277347054956422,0.0037638854466286453,0.009344062481891235
2015-12-17,-0.0032399239887636044,0.004408741134611427,0.000882375282753145,0.007342473723420451
2015-12-18,0.0011047361106875098,-0.008995234696609122,0.004406377021870522,0.0010468084535502076
2015-12-21,-0.005699169706695484,0.005927352607800751,0.002266532843182789,0.0015895411062023523
2015-12-22,-0.009836545516731299,-0.008743166890930243,-0.007662056904831682,-0.0016279458321133422
2015-12-23,-0.03268763040518208,-0.02906608895399343,-0.030009969824393856,-0.014348255393516807
2015-12-24,-3.130291331621127e-05,0.0025688205042959655,0.004846640534312829,0.003878026154832792
2015-12-28,0.017105444455225216,0.01788137446792737,0.016481314202500652,0.006192436693634562
2015-12-29,-0.006194904624665543,0.002252233243910995,0.002656694454010289,0.004801249481643621
2015-12-30,0.006038428988295541,0.008318171809379438,0.003963552130489489,0.004677571869056152
2015-12-31,-0.014618148745558446,-0.009059139207222788,-0.013142943332881907,-0.0031467158040908716
2016-01-04,-0.013805099089436612,-0.0050119788646735275,-0.012572307390362414,-0.004913140684592254
2016-01-05,-0.0025790561775906884,0.0035598303472921256,-0.010759462930198471,0.008056963117929472
2016-01-06,0.03898913787488034,0.005064983029755554,0.030944680953124637,0.0015695418942416328
2016-01-07,0.006809105704292051,0.008870288151691108,0.007814153364334553,0.012363033052471106
2016-01-08,0.009029312724246008,0.00743215086900495,0.010783729549086019,-0.012356475553448765
2016-01-11,0.017891132055461778,0.034953805963680695,0.027226129728985082,0.02330247333133495
2016-01-12,0.0051931734065111534,0.009565076528433192,0.012617177269536706,0.010964095488696701
2016-01-13,0.00483086353789175,0.02455912678355099,0.02962302546680573,0.01948937910276949
2016-01-14,-0.04877474544546301,-0.05132844543445014,-0.03139368395185005,-0.040397559671751404
2016-01-15,0.007452163933857614,0.015983407146825446,0.008238822103276755,0.006247512141740241
2016-01-19,0.018745394654720915,0.021131968246780986,0.011225838851874004,0.02951719365138028
2016-01-20,-0.008424393941167896,0.007602546653712627,0.0008382448066936998,0.009432092039275197
2016-01-21,0.010099689837721249,-0.014936386019813841,-0.005967507198422206,-0.012483775544893994
2016-01-22,-0.01726245051750608,-0.037854805144594716,-0.006491240074429583,-0.03898718579993321
2016-01-25,0.005824026308855146,-0.0014037498960350892,-0.005937187652832798,0.020633256139555467
2016-01-26,-0.014972748810015424,-0.0025354417158535147,0.017000821998704563,-0.022864838515978092
2016-01-27,0.0058316200949120045,0.013483687708047087,0.0022243363161627006,-0.00564719693804927
2016-01-28,-0.026535411550344,-0.003911172830689313,-0.021817014787702815,-0.017215925076120797
2016-01-29,-0.009317068446425658,-0.011187415180313076,0.006020635363191751,-0.00607919425501835
2016-02-01,0.025495361588673493,0.03358532068346243,0.014228283187032398,0.02210923534421494
2016-02-02,-3.825019318348666e-05,-0.004312847239811957,0.013910310047122065,0.021111136851342582
2016-02-03,-0.0020944626489149964,-0.030705837013963233,0.0006249092141885626,-0.018997976084889512
2016-02-04,0.004967370018982065,0.020055360247404064,-0.0038201871414140776,-0.006892573786158818
2016-02-05,-0.022001059653750876,0.016230970835187986,0.020930184695538534,0.005925163444049142
2016-02-08,0.002494771776571092,0.009597452181237864,0.017318377571355237,0.022109933440469742
2016-02-09,0.01751060195752685,-0.002767648955990132,-0.010149341633694187,0.00457021021708881
2016-02-10,0.0011226226296747743,0.0019597776707940273,-0.0032229529102135723,0.0036914171319128997
2016-02-11,0.002133979314436374,0.007711191151896113,0.013291063476901677,0.005065706295968253
2016-02-12,0.027029185270870393,0.0034914224389894777,-0.01164873700071789,0.004180350059318272
2016-02-16,0.004672660580381516,0.0019780116560514927,0.0006838409026812542,0.008432898295544167
2016-02-17,-0.007057011750693398,0.007020005596050538,-0.00573495751252695,-0.0007923929803231866
2016-02-18,-0.01724826324282891,-0.008204575166011807,0.021409256956828493,0.002534220416579025
2016-02-19,0.010142156602884533,-0.006794073379632115,-0.005379410959409525,-0.004548509816206692
2016-02-22,0.005408666049205424,0.005563396662379594,-0.0008743523806586939,0.0006388422347440859
2016-02-23,-0.017781429980739172,-0.019188457360455824,-0.013728745689921995,-0.005860317720155495
2016-02-24,-0.011992445200413204,-0.0009950732046904998,-0.0025850857171915154,-0.0033002047050600947
2016-02-25,0.006077476982613961,0.009381721369589702,0.0011466230357397578,-0.010738907434687084
2016-02-26,0.01557663918995078,0.019032445343921456,0.015229289278496871,0.018350991958347773
2016-02-29,0.0018864645968978966,0.0032646266724656314,0.001859737824817742,0.005450792903364476
2016-03-01,0.002522950706035365,0.004108443629482483,0.0033602095073494986,0.01373878292943953
2016-03-02,0.004662733817953235,0.014938310533675114,0.007661140487115858,0.0022540734625753345
2016-03-03,0.004494164474158735,0.0010190445177560292,0.005979181980000359,0.003498275549618013
2016-03-04,-0.008982033079690366,0.010291002736482424,0.010868082144435354,0.009957998472579499
2016-03-07,-0.00179521786914294,-0.0010828133510146776,-0.004774014612571653,-6.765533013486369e-05
2016-03-08,-0.014389743335736171,-0.01317153556004258,-0.01860477810365413,-0.013424370277651532
2016-03-09,0.008399826093724139,0.01145919941437934,0.011262566636133453,-0.0066617493151662766
2016-03-10,0.009270981814235801,0.006063454580800709,0.007785093793661657,-0.0002609577888447179
2016-03-11,0.0010558206411810378,-0.0005844877403023974,0.005120766712068292,-0.00877087083912198
2016-03-14,0.002189551564700354,-0.006880086724695644,0.006461345920070416,0.006406736578430161
2016-03-15,0.00033494584581261755,0.005530356746048737,-0.01563251022751988,0.001682044420567852
2016-03-16,0.002305967236210682,-0.0008158335197303579,0.021998014413990408,0.007401735537412746
2016-03-17,-0.016869242918432836,-0.00967962437624692,0.0038178992706530135,0.00970773779917411
2016-03-18,0.00785126715241491,0.01182045295783496,-0.00456741089691981,-0.00536794205194957
2016-03-21,0.0003340602583890018,0.0019097567332717613,0.0012864525205111832,0.003191057220146787
2016-03-22,0.013518374536408473,0.0096233572789437,0.012131838190935884,0.004030540013909567
2016-03-23,-0.006657507577400357,-0.006745688146265971,-0.02187152989582819,-0.005607866686727858
2016-03-24,0.010390060732855755,0.01108405019930414,0.015333235587586369,0.005081658583891091
2016-03-28,0.00309317484022964,-0.005036819408289039,-0.006703452434633883,0.00014564527583749154
2016-03-29,0.0005137392722744938,0.009244957746090465,-0.0008017276350315017,0.007203688899532823
2016-03-30,0.006333184430929117,-0.006096188112079681,-0.002493674621141695,-0.0028776702310352453
2016-03-31,-0.004211672328232496,-0.0006952087203699886,0.007006645740456285,-0.008144296517566096
2016-04-01,-0.00037724769370606204,0.0034966327248677764,0.010076133274588006,0.0025501671400103287
2016-04-04,-0.006196282713259005,-0.013081132007541796,-0.00726374099281657,-0.001838809577990097
2016-04-05,-0.011732990335676985,-0.011130611147816882,-0.004803137537344071,0.003202336740529832
2016-04-06,-0.0015087789777931127,-0.0029618381663927273,0.009738978249568708,-0.011320779262306346
2016-04-07,0.012587547409354194,0.012334737113675276,0.009231375670484931,0.014233207816144455
2016-04-08,-0.0021662884680682115,-0.0025112893230520017,0.007473090920467662,-0.004707862496446058
2016-04-11,0.007692899155456567,6.599668795104208e-05,0.002760094958316861,0.005794337858928689
2016-04-12,0.01007963014916835,-0.01245326136445879,0.007434192314060839,0.0036658190871616814
2016-04-13,-0.005509356994355397,0.0068746498835554615,-0.007728752509398418,-0.012896374835804636
2016-04-14,-0.004013194802567455,-0.003467204112023059,-0.0008539150111485094,-0.010319356771945953
2016-04-15,0.006442424842860728,-0.0003645411105590579,0.0010746515857835703,-0.0009061139708146371
2016-04-18,-0.008925444520850201,-0.0005865673540408345,0.012635834679995739,0.007555828198485992
2016-04-19,0.0021837237077022564,-0.011104755775217523,0.01745811301479927,0.002359392236030322
2016-04-20,-0.011412466378333153,-0.016499227218132018,-0.01051454015557407,-0.020956990712513224
2016-04-21,-0.008794338785569789,0.008689114492721917,-0.006921632834714031,0.0007407469954483492
2016-04-22,-0.022504175145610983,-0.019789816366073687,-0.010407220640427761,0.0001038190408622075
2016-04-25,-0.001970858250124885,0.005241735724911045,0.006526001708738738,0.0005801620030967403
2016-04-26,-0.005260974479638247,-0.006594485423936924,0.0026419936430475133,0.0030350246139816406
2016-04-27,-0.01762830312947683,-0.011857200338910578,0.01228885820193315,-5.351554527310842e-05
2016-04-28,0.0012833512945331638,-0.005940467612972622,0.0011895785025610728,0.006978060213848281
2016-04-29,0.001711292160354816,-0.001932223115902687,0.0121473541748085,0.01744160352793367
2016-05-02,-0.009535154533104828,-0.0075301315960895066,-0.010432864792820462,-0.008594934299708368
2016-05-03,-0.005592679614145002,0.002827347684065895,5.3434968598997656e-05,-0.015290419319602178
2016-05-04,0.004551942892599081,0.001278868835011382,0.007201719771760873,0.0008666101510363955
2016-05-05,-0.01309876420168099,0.0027650120582736193,0.004306908132198917,0.0031349678711629636
2016-05-06,-0.004988584133827523,-0.004283492477018425,-0.005935842061557173,-0.0026142339995861574
2016-05-09,-0.0053538638024518415,-0.0034897557152760994,0.0067863638490228695,-0.007878965764555712
2016-05-10,-0.0016131893272774978,0.0019933314934676982,-0.005673278290468153,0.00039450377309213636
2016-05-11,0.005640436013225836,-0.0020742960531165977,-0.0016490101186761308,0.021772274686327364
2016-05-12,-0.01957809008741207,-0.005098957553434591,-0.009103507074815997,-0.009241613749988331
2016-05-13,-0.0024311957354899993,-0.005297587342279475,0.009447354125062146,-0.003869543161376443
2016-05-16,0.017940759192310862,0.007706957587795493,0.005016448619672875,0.012549428359168058
2016-05-17,0.019780283699283308,0.012847136325071284,0.01412194155762081,0.024376304817687044
2016-05-18,-0.029652443342645496,0.009840909465567815,0.00511405229685491,-0.009706726305117486
2016-05-19,0.0034615141310907482,0.0013950193110834341,0.00021195379891669752,0.008727663841263222
2016-05-20,0.00014591342827574572,0.007114465448343044,0.005914534462629906,0.009853395668869336
2016-05-23,0.008013334843983255,-0.000513178893503552,0.003038250982538626,-6.406944973325057e-05
2016-05-24,-0.006366169343295813,-0.01373885834930988,0.004337602219750547,-0.005320326399997355
2016-05-25,0.018948321219000697,0.019266038969130816,0.01644215612338029,0.018305329324878494
2016-05-26,-0.0019174911636723468,-0.008379724449614545,-0.0008650396126278492,-0.001385601984745577
2016-05-27,-0.002692028917088418,-0.00495537326936224,0.00016978614310625417,-0.00028280911616074267
2016-05-31,-0.0020313524640807046,-0.004835399303408816,-0.0018121479611181712,-0.003998699700082375
2016-06-01,-0.00804740552243599,-0.009645723522041849,-0.013724676081700582,-0.006411229751914882
2016-06-02,0.006771794885910287,-0.010585983276204858,-0.00971690872929376,-0.007465362305950629
2016-06-03,0.0029897384451860187,0.013105483708869325,0.011774089923344722,0.002885139703459272
2016-06-06,0.008903251337234241,0.00905378402086221,0.003095912334348805,0.01957362015571973
2016-06-07,0.009826527066805646,-0.008822584019941626,-0.003841654285710594,0.013006447278259614
2016-06-08,0.0005373302837987648,-0.007322666102334008,0.0023344956180471055,-0.003432277445135301
2016-06-09,-0.01211889554842982,-0.00786397987331311,-0.001409256101711831,-0.013057571282602765
2016-06-10,-0.017521810910491098,-0.013055905511654697,0.00013559480294067505,-0.017465065001011637
2016-06-13,0.001850206047115499,-0.00022976294529553076,-0.0016675921120765658,-0.007950701753936418
2016-06-14,-0.013067347638016091,-0.00547419308898156,-0.00015227169448206457,-0.0014383449160079165
2016-06-15,0.011505564372624288,0.011854782035633393,0.004977449742283868,-0.0011755865322630177
2016-06-16,-0.0004878682823826752,-0.0033008680992007156,-0.0034043531024855467,0.0013965345368978088
2016-06-17,0.0005985176663623193,-0.0011097336402552394,0.0034480460185051243,0.010042957790451723
2016-06-20,1.6907911162711287e-05,0.001972602717381866,0.0017505114636466867,-0.004801102867067031
2016-06-21,0.00955803480734052,-0.0011224280160401223,-0.005407873146425546,-0.00735444590691936
2016-06-22,-0.001127833316896587,0.004780270880090587,-0.004015922380583792,-0.00044746244935156554
2016-06-23,-0.0017853437967285668,-0.006191225989185312,-0.0034825498299926316,0.009959942442844927
2016-06-24,-0.016759433755575204,-0.015961397238589026,-0.018874477497100473,-0.006423483842665556
2016-06-27,-0.009642955964279665,-0.0022357595571630418,-0.00433565279405812,-0.008542022351146872
2016-06-28,0.019872723515576896,0.0065014051686820284,0.004998420097060752,0.007575149299771544
2016-06-29,0.02126697482252271,0.010809382600914352,0.010702164519228896,0.010873138213920663
2016-06-30,0.0007227715375297539,0.007381142860427792,-0.0013625411490085781,-0.0005573784129085935
2016-07-01,-0.01358539450727092,0.0036414395080954787,0.006183772025835088,-0.0006912270988571612
2016-07-05,-0.008693554204973086,-0.025908143420426133,-0.031093297083159,-0.014941888840902418
2016-07-06,0.0041684271199007306,0.004935092989154732,0.006903732496014836,0.003857856918178637
2016-07-07,0.0020445169270508767,0.004291756655906864,0.004184994226001493,-0.01135881414017792
2016-07-08,-0.004178520604082636,0.010567693783035681,0.01162271066440912,-0.0012854667061577008
2016-07-11,0.003945610336696825,-0.004604864620676552,0.006617167812942526,-0.000530987517581627
2016-07-12,0.0054016728807673164,0.019935590651758206,0.023055135200700683,0.018569882506014324
2016-07-13,-0.001735458361825648,-0.006073390126768108,-0.003027164396537163,-0.0015016333725640374
2016-07-14,0.0068000292330328005,0.003820439696385014,0.0020827356001336117,0.0034084183438785054
2016-07-15,0.0016119598573929306,-0.002137371140130906,0.0007082246164482608,-0.004210117903614807
2016-07-18,0.005131858273140777,0.003384531213558528,0.004001791204137239,0.0007186712439810616
2016-07-19,-0.014417446148803026,0.000807192358402764,0.0016712494630013452,-0.011849581158979716
2016-07-20,0.005516688193284214,0.0009153153943153303,0.004422325254606951,0.005832436629020554
2016-07-21,-7.755846557533363e-05,0.006365178055158349,0.006660245347732685,0.0158987179694996
2016-07-22,-0.005739347932759986,-0.009072884029565853,0.0011253356493277078,0.0030143322061759736
2016-07-25,-0.011834262377342641,-0.012462690290425793,-0.006294508731265358,-0.011069096418225288
2016-07-26,0.011958871999954157,0.005326561390114559,0.016232310819426665,0.016494077184543654
2016-07-27,-0.005688491098079229,0.0009577519488914721,0.0024175252835352268,0.0013207565097568263
2016-07-28,-0.0015270670088852745,-0.002993878255528215,0.00085645105301424,-0.0024299155233554748
2016-07-29,-0.0017351376607697144,0.002821762019832974,0.0026468130843975146,0.0029035845404832283
2016-08-01,-0.014273935748221112,-0.011157800184004807,-0.010660610359789935,-0.015715075975220927
2016-08-02,0.009588620439313189,0.02067755907694324,0.008183371638036174,0.004356874807922573
2016-08-03,0.010454110026430818,-0.001924434356382232,-0.00010168045153124972,0.0138406438978802
2016-08-04,0.008007203985984868,0.001945564751449691,0.002391229646453219,0.0007643334664446666
2016-08-05,0.007573918732041385,0.0075330799223511935,-0.0006458266037953075,0.001884781982160133
2016-08-08,-0.004627724965063029,0.0022185272292867264,0.003529856651001362,0.008782025356443457
2016-08-09,0.0013198435180654666,0.0037425471687415612,-0.004589619946932855,0.0016460843325112329
2016-08-10,0.0031905731327286357,-0.00017807135613667757,0.004254567584603075,-0.006108792083648229
2016-08-11,-0.002996324927814431,0.0019069751604015028,0.00474596599540944,0.007053902046918914
2016-08-12,-0.002230641889006124,-0.0027461171765594816,-0.0013043696709673647,0.002381577017497527
2016-08-15,0.007359432095084051,0.010127874665848857,0.0027994610550554633,0.006022801670569011
2016-08-16,-0.0010029642817743767,0.0027387931963913648,0.003360293018874083,0.009353529621555667
2016-08-17,0.002055883380847945,-0.0004022768324782877,-0.0014800286164508014,-0.002162719282072567
2016-08-18,0.0013910743422094196,0.003318974423361043,0.013380105942514042,0.0012062766056406549
2016-08-19,0.007230576905123076,0.00045581719246334806,-0.004532189579948942,0.0012033549821470757
2016-08-22,-0.006385214386841698,-0.008045967022182854,-0.006114505507850976,-0.0066199393374127835
2016-08-23,0.002233067462932503,0.0033994498506848547,0.004058022854849241,6.049477466563147e-05
2016-08-24,-0.005866621274671968,-0.004709321628219021,-0.005898935817718054,-0.00741159383829304
2016-08-25,-0.00047279108733999653,0.004140147466309418,0.007084658666192123,0.004199307886999737
2016-08-26,0.002846047474176938,-0.001769241667473942,-0.001711062130743346,-0.0004284656626194483
2016-08-29,-0.0008368427620578656,0.004395510070857034,0.0010211507944188902,4.801545871035984e-05
2016-08-30,-0.0024028827946681597,-0.005186991864491897,-0.0013496927742538967,0.004761631990070514
2016-08-31,-0.0014744606698712248,-0.014268520077953983,-0.010577211719751567,-0.005608042615410036
2016-09-01,-0.003210159130533241,0.00018847306973390765,-0.005929713927411706,-0.003039662159978862
2016-09-02,-0.006496745424739547,0.0006675670032467718,-0.0032123093804208303,-0.0008462501438641912
2016-09-06,0.007377243195716199,0.005335597344396925,0.005975041831245198,2.131467689103772e-05
2016-09-07,-0.003136943115056634,0.0026724299082472314,0.006123012931846583,-0.0019018790235365568
2016-09-08,-0.0005486336016709004,0.006653678699652277,0.006557013415782631,0.006712917510071081
2016-09-09,0.0020597491710276916,-0.0015987894495148591,-0.007440243859979434,0.0009781827575723323
2016-09-12,0.007351590156776888,0.004958634083299662,0.007045634131416678,0.010321496714683409
2016-09-13,0.00219206754003598,0.00969941601171298,0.010843612532499325,0.005344803479347737
2016-09-14,-0.007810484688838937,0.009979558902293961,0.009152385488904402,0.014734585698896963
2016-09-15,-0.00024698335608253075,0.00544277735778298,0.008583795220844515,0.0065357008806248285
2016-09-16,-0.014793874808026852,0.006779619260756542,0.0024560354607694457,0.0025922512554716892
2016-09-19,0.011130604673548872,-0.008165301718082829,-0.004194099492694892,-0.0034514406131694875
2016-09-20,-0.0007749421014118241,-0.00029459933804532046,0.00042278591731359505,-0.00842408460080779
2016-09-21,0.00536937313502639,0.00826598488822583,0.003035245070785564,0.0054326075514350425
2016-09-22,-0.0007744786095591483,0.0015510193500818392,0.00012587194477209351,-0.006591087869576406
2016-09-23,0.0005776540195145952,-0.0021594340531878586,-0.003923792332862108,-0.0037609867732039115
2016-09-26,-0.006417106183437937,-0.0030218973867612853,-0.002956726170000201,0.0011940764221873845
2016-09-27,0.010649006902080815,-0.00010148006834376222,0.0014698707263405275,0.009035572706899364
2016-09-28,-0.010023595480583958,-0.010601354821112463,0.0015733752211304353,-0.010531461930258224
2016-09-29,-0.0021204966582671902,0.0019383183786680913,0.006516259785916079,-0.00276616625575854
2016-09-30,-0.002063864003284843,-0.006842013346307407,-0.001566221867165818,-0.0006063304912233836
2016-10-03,0.0001146292071749766,0.00030344421201267124,0.0070095334967912315,0.008241780861519388
2016-10-04,0.00016860722727618516,0.012564844125633412,0.002936830190861439,0.0028873066218459975
2016-10-05,-0.014053940690120004,-0.005560753223896153,-0.0012792647335474472,0.001338580819546964
2016-10-06,-0.0019286588819453776,0.00013062686247500288,-0.004566224796825669,-0.0001791443333425402
2016-10-07,-0.0006267020963340864,-0.009562593331041258,0.001113034064548435,0.0009449806177983522
2016-10-10,0.002241073641148672,0.013371606339568576,0.016687893286672972,0.006148257172521099
2016-10-11,-0.005727281917144111,-0.0012402434327437595,-0.006813231085118776,-0.004656134163483094
2016-10-12,-0.0005260344364400593,-0.00440035663187488,-0.008981855943757555,-0.005106107183075692
2016-10-13,0.0006819389135661602,-0.004536240366791788,-0.005030276303163328,-0.0068880658856220744
2016-10-14,-0.002258929790158626,0.005646144999750913,0.003127452138429909,0.003797220846909699
2016-10-17,0.009372728963236376,0.0008252682350113894,-0.00076807342873908,8.315966734318003e-05
2016-10-18,0.007319814119409074,0.0075164388888886435,0.008320910127609604,0.007489873460919894
2016-10-19,-0.004646056541321886,0.0009296686821516076,0.00782022422771611,0.012594595049899127
2016-10-20,-0.0034169456202225446,-0.00011500263906860653,0.005239495437146857,-0.002848969205980323
2016-10-21,0.004392495723346768,-0.00010209270111871671,0.008248630171548754,0.001673209137305065
2016-10-24,0.0005122448741712304,0.0047455355669829835,0.000582827589677537,0.004405974623104658
2016-10-25,-0.005795349008286821,-0.0008377187825283627,-0.0029653160969277392,-0.0123160694413319
2016-10-26,0.0060514485809097796,0.015692373000154136,0.010663009552945413,0.006626231513972458
2016-10-27,-0.009349659042987235,-0.0038358454041864665,0.0014721304730636042,-0.0033929519014231913
2016-10-28,0.0023977659448364275,0.005721182784733436,0.007554832961015556,0.004216574530923278
2016-10-31,-0.004188546165615703,0.005770816936648604,0.0011046234702518642,-0.004635840011307901
2016-11-01,-0.005302034012290346,-0.002987752000889521,0.0017029320600991937,0.004484046821096932
2016-11-02,-0.011187503256955722,0.007740933757752311,-0.005640251628041715,-0.009742277678687628
2016-11-03,0.0006205210797867178,0.005807323247119411,0.0037803186315921167,-0.004412592131246229
2016-11-04,-0.010232641417447286,-0.008749818638219775,-0.0019966477863719856,-0.00023492140705239084
2016-11-07,0.0060951312008390435,0.0011569063145244751,-0.0011770395278151158,0.004892288204646267
2016-11-08,0.0016386505276431151,-0.00197269937134803,4.8543813911727796e-05,-0.0035359698139578732
2016-11-09,-0.0042228316170069835,0.021542692200541502,0.02217283198556186,0.03777146297802836
2016-11-10,-0.015522132176216896,0.013672895425022258,0.02204985077541033,0.044527978636196064
2016-11-11,0.009805261624963535,0.0033108608373388915,-0.003829297219848815,0.004957881676731057
2016-11-14,-0.01501770309999495,-0.003244269749834494,0.0160679155479051,0.02379452689021999
2016-11-15,0.00817835634547781,0.017473086937718874,0.014424707464293807,0.004699797920484139
2016-11-16,0.01550462754621651,0.007293705544537898,-0.0037832627458045387,-0.013189806037153917
2016-11-17,0.006143343103314214,0.00894606746791693,0.006345577008965542,0.009108878740865745
2016-11-18,0.00994881255690827,0.008966398098729345,0.00036194417535018175,-0.0030196703401813574
2016-11-21,0.008887489952435601,0.0037130223058965406,0.0029735947432119048,-0.0019967981399793278
2016-11-22,-0.008955836399012873,-0.003144251222710115,-0.0028269896094764713,0.0008854349953204554
2016-11-23,0.016876442114650336,0.011391738263360374,0.012192484743995147,0.009704329145704182
2016-11-25,-0.0035565405972306507,-0.00033814754242444955,-0.0005123311538324238,-0.002464239062271334
2016-11-28,-0.004598378442355222,0.003331114522880263,-0.0018382777533918482,-0.009852120547338528
2016-11-29,-0.015085475832769313,-0.013283628093460065,-0.017436369607650493,0.0034976411569473953
2016-11-30,-0.0070870387538554125,0.009192533926811075,0.025385928510183176,0.021575633128819716
2016-12-01,-0.009049468251802306,-0.017384801038663356,-0.003289519634080751,0.022358192263620236
2016-12-02,0.006195502324586322,0.004235190566939551,-0.0015018104660630138,-0.01899381219894547
2016-12-05,0.023689077017238436,0.013698290784515343,0.018687582313964946,0.017111792297646033
2016-12-06,0.00043024392267088096,0.00893585404485786,0.009850507988992785,0.008614014879775533
2016-12-07,0.0005278852520897992,0.010188815927619554,0.021298219691776143,0.009222995688418667
2016-12-08,-0.00039490292292188034,0.009314624619986889,0.007938591801409212,0.019205342000716552
2016-12-09,-0.0014252306965930606,-0.011270006581285963,-0.013187514166185355,-0.0073557313008226766
2016-12-12,-0.003103015789023167,-0.0014395112278975386,-0.007795225998792676,-0.008165543268513153
2016-12-13,0.0008928358398661018,-0.0037665764281182845,-0.004570289793616289,-0.008247397465682926
2016-12-14,-0.0067754425869004375,-0.005613124673563785,0.0043664517934283165,0.0007577841700272536
2016-12-15,0.005775845400577184,0.00582583452650276,0.009297505875315304,0.003949751414197955
2016-12-16,-0.00764571025733185,-0.013377702959843973,-0.012560158229135143,-0.018151251853613326
2016-12-19,0.0034952531170118206,-0.0010570901996956872,0.0003153705563538889,-0.0002177969090372267
2016-12-20,0.016908123274397946,0.01523457296642139,0.020891654709162433,0.014556258199999172
2016-12-21,0.001293297973574914,0.004293878937867479,0.0009226013995986548,8.569342252529033e-05
2016-12-22,-0.0044833563340063165,-0.004801945082112735,-0.006636238363017299,-0.009559461821208926
2016-12-23,-0.0012519202112305505,-0.005667511802843972,-0.00041858575195508063,0.0008408649098874399
2016-12-27,0.005583310610558279,0.003369308365038126,0.009039486775966221,0.006745995311644215
2016-12-28,-0.005036511475719707,-0.005058098324005611,-0.007208887205344849,-0.008603622832354607
2016-12-29,-0.009585600985533627,-0.010466329117142292,-0.0084206062216301,-0.005784750053924426
2016-12-30,0.0015170280286576077,0.00033320767570832466,-0.0012221721158610643,0.00023723321896884642
2017-01-03,0.013674105164990902,0.006458258530495975,0.004636564039566249,0.0067130905743368885
2017-01-04,0.017098087309136867,0.012474146836231048,0.010786107073684326,0.017388463191919667
2017-01-05,-0.01354098287887251,-0.011248551670174578,-0.009424677396235648,-0.025148541687427528
2017-01-06,0.011252727990908706,0.00600627705519452,0.005294679201029329,0.011851918180664889
2017-01-09,-0.003989345863862348,0.0027371193045369058,0.006372679493050759,-0.0011864138558722592
2017-01-10,0.014800276701562476,0.003577408345626587,0.001797513358593239,0.015968034307480616
2017-01-11,0.006572719238330915,0.01243938276282086,0.004512714121154504,0.003538990614848858
2017-01-12,-0.0028169844053604898,-0.0020579088528241973,-0.002823188673403587,-0.004417242193291648
2017-01-13,0.0013155039122589862,0.0037270523004835354,0.0061270280246148445,0.007233753549152899
2017-01-17,-0.023555452835163915,-0.018515412307868906,-0.005700482334305312,-0.02946997127730744
2017-01-18,0.010308909770774699,0.006687320438740096,0.00993242064383515,0.008292239875770324
2017-01-19,-0.004507322812426273,-0.00040968281542586027,0.000259271005324635,0.002358412806832577
2017-01-20,-0.002147545045780852,-0.004187827412772238,0.00010637012305014792,0.0008174145730042159
2017-01-23,-0.0013132179113201081,-3.893734582749442e-05,-0.0016862197889501163,-0.008192031104311659
2017-01-24,0.0040471097979022375,0.019886374054883804,0.02094883174590456,0.0073697234845979676
2017-01-25,0.006810612039643171,0.002869637221958321,0.007092850595813216,0.015114924078950542
2017-01-26,-0.008569155540807505,-0.004579840840736593,0.004513090446247814,0.0076109941689865845
2017-01-27,-0.007034297634242792,-0.000599054812487454,0.002436146423897556,0.0007333890406853172
2017-01-30,-0.0007427921039001584,0.004264172210407535,-0.005993857080804799,-0.009748348746074442
2017-01-31,0.0025072558822010205,0.0010275774104582247,-0.016927412706830958,-0.011256814566216522
2017-02-01,-0.0016173111459188982,-4.5000704103626e-05,0.020991286545557708,0.0038216835135980176
2017-02-02,0.0015195468141140367,0.000910883386133543,-0.0024567051348032276,-0.012044966004919777
2017-02-03,0.007295250687431087,0.003056075753445464,0.003372577830647039,0.011833246762959604
2017-02-06,-0.0007841409044526682,0.017091801745921176,0.02222138278196062,-0.0014004554679453163
2017-02-07,0.0002428387616524308,0.004890838098033035,0.00023473016744857134,-0.008353696021798807
2017-02-08,-0.005565945572271747,-0.0015217459746085238,-0.002398871674341052,-0.013778004045376324
2017-02-09,0.0033372023988105237,-0.003550212349784032,0.006076131095605675,0.012388919908109974
2017-02-10,-0.0062255650077088776,0.0057510524613269,0.002570233932306376,0.008114767333769368
2017-02-13,0.0064776389666123535,0.0016149931828735031,0.0035813864609834933,0.005631683406162269
2017-02-14,0.010960822516531854,0.005683587361367204,-0.00803597509049725,0.002444626809518846
2017-02-15,0.005653333857096321,-0.00846112010636113,-0.007455244968053831,-0.0029523128015016553
2017-02-16,-0.005729357334509744,-0.0047228944137664985,-0.0024993178618113454,0.0011965662347894757
2017-02-17,0.0023575624993072974,0.011622953667249414,0.002916404499266667,0.0005648384651733007
2017-02-21,0.00899598657637446,0.00653419394313115,0.021238994052555027,-8.259494909912402e-05
2017-02-22,-0.007196370389843665,0.0008897990811538303,0.0015640376466765638,0.0026617638333505944
2017-02-23,-0.014366370681771157,-0.025301973819196966,-0.024689854239670073,-0.010418976280948233
2017-02-24,0.002481763843599216,-0.00720596797431583,-0.004352755080742843,-0.0068267522420490945
2017-02-27,-0.006607517710686017,-0.003751102648380522,0.013996139394664375,0.002044880482461542
2017-02-28,0.0008462939923805646,-0.0013804545343026886,-0.012360445493512895,-0.011278936261385208
2017-03-01,0.0010473180430199402,0.0018801722958754485,0.006470269055876443,0.010797415407022948
2017-03-02,-0.010952407216378579,-0.012188148397931364,-0.009169523956117809,-0.0095708087705636
2017-03-03,0.006342425167767951,0.005432293921147746,0.007861794798630584,-0.0009899273796831753
2017-03-06,-0.005030769139020896,-0.0007913444726049823,-0.00011719169732871126,-9.228309799969026e-05
2017-03-07,0.002884943948971541,-0.0031670002128487695,-0.0002866052348546866,-0.000715989272537576
2017-03-08,0.0029257577460737316,0.005830244688990183,0.010757277332943627,0.001904602198581573
2017-03-09,-0.0013394959690300468,-0.005820526179940888,-0.00514378544662264,0.004315450126972653
2017-03-10,-0.0052440274800636955,-0.0023020965128556226,-0.0014620545283119402,-0.006466757700423487
2017-03-13,0.010410104674788201,-0.0025465834288281863,0.007471083233677067,-0.003910639427386564
2017-03-14,-0.0010170598438211664,0.003792857826880658,0.010376337651894385,0.0014290742189053685
2017-03-15,-0.0016179343724956885,-0.011161245721728053,-0.015478604823505049,-0.011823420306996124
2017-03-16,0.006978455345550527,0.013827576420693433,0.007987424195491588,0.0031067342247088625
2017-03-17,-0.0013548861000199919,0.007094506678693824,0.003970922470047489,0.0016632055151715175
2017-03-20,0.004035900522687097,0.0021391739585461256,0.003357004841110234,0.0011396261268001862
2017-03-21,-0.014687152879473309,-0.014649659196944387,-0.0009070948661288325,-0.010921306741591974
2017-03-22,0.0003351375850864091,0.00876173577964412,0.008416449068870513,0.0038834558250195883
2017-03-23,0.0007378879674513339,-0.0024830242668827385,-0.0014211691120084025,0.002228018009478694
2017-03-24,-0.008926643501096176,0.0024673670357466815,0.0025537736746317208,0.005130565351015859
2017-03-27,-0.005793544010597507,0.006044382744167853,0.004032154210897421,0.0037153886194152275
2017-03-28,-0.003170574012974159,-0.009159672606941505,-0.007588090979236295,-0.0003305905684929389
2017-03-29,-0.004952764405192545,-0.004092455891773761,-0.0054357399391496974,-0.005732637325587486
2017-03-30,-0.008364980688473689,-0.008624544573572535,0.0011342439820218875,-0.008580840962571057
2017-03-31,0.0012273255695918195,0.0013698154949839392,-0.0018628127923570048,0.004552331242570595
2017-04-03,-0.003408745724438611,-0.0055624476323646865,-0.008267072247950313,-0.0005255490140797514
2017-04-04,0.004066764679413026,0.0039117441018217125,0.009692567280751518,0.006513154399754306
2017-04-05,-0.005619667612143497,-0.0037402714932674996,-0.004425885480781044,0.00040281639151307225
2017-04-06,-1.1823358060270017e-05,0.002829619848737863,-0.0013313097231062443,-0.0006803019233923013
2017-04-07,-0.005311631247316484,-0.0023030870520329705,-0.0016097043592280258,0.0006831096042363427
2017-04-10,-0.0011084323488252945,-0.012711587951695358,-0.0007874337506231788,0.0005149946243427905
2017-04-11,-1.7683548203528687e-07,-0.0006591456573561416,-0.0042561785116354,-0.0034390402675028575
2017-04-12,-0.0008682500796908244,0.007101672247084245,-0.0025165012585841584,-0.003620830896855054
2017-04-13,0.0075266708024825935,0.0027170187729339546,0.0048432672721614445,-0.0049073731516600105
2017-04-17,0.0033200288569059655,0.00642437054542766,0.008422781893090425,0.010557952621568
2017-04-18,0.008459061954179337,0.007106289404535726,0.011429892686520171,0.005202094850789596
2017-04-19,0.003592821108695521,0.014657609638483393,0.00974781468756536,0.010129374508349942
2017-04-20,2.1989673298694612e-05,0.012801053104957383,0.012234949211296309,0.008795153540898104
2017-04-21,0.003041893092368797,0.0007813179113380642,-3.557016676714042e-05,-0.0011696007802137753
2017-04-24,0.0009389248068585321,0.00948705517311521,0.009513231105087838,0.010241939391818722
2017-04-25,0.0005187555309602576,0.004097233684692281,0.006070758449948865,0.006691496738330027
2017-04-26,0.0009382897980085847,-0.003566212377093758,0.0017968923009610283,0.0026096937885820015
2017-04-27,0.005576167338596116,0.015402700524779878,0.011154813296553101,0.009259177905488691
2017-04-28,0.012598912225469494,-0.00824575348259926,-0.004675249215388089,-0.0041078440431888685
2017-05-01,-0.012199810349249551,0.009973198199102917,0.0038718954462655386,0.0022795157325155024
2017-05-02,-0.008341797727066336,-0.022652666976694213,-0.018049246127056606,-0.03615929383185368
2017-05-03,0.008038226262880643,0.00720440756536056,0.013733228626690686,0.009669053266621486
2017-05-04,0.009860217397970938,0.020622336058018442,0.01025624608393394,0.007956536257064828
2017-05-05,-0.007060869937560277,-0.013690277631722259,-0.010071452550058035,-0.005592007640398355
2017-05-08,0.0011450851113954386,-0.008311882391075498,-0.002827438772390556,-0.0052543639752745674
2017-05-09,0.0054606886452630565,0.0083358044305899,0.012239144381406053,0.002510904669233982
2017-05-10,0.004402927394693945,-0.002486187303282539,0.01717207331614201,0.014472911621784323
2017-05-11,-0.0016289064243212303,-0.002747788399336981,0.0053580854397097255,-0.0029369791887837726
2017-05-12,0.011162869155945554,0.0027329304355561135,0.0046506285878453735,0.001599903114706036
2017-05-15,-0.0009876473114364126,-0.00021453507603519384,0.0006429331542685546,-0.006784277359036084
2017-05-16,0.0047348744338600035,0.004572371543988929,0.005821676138982879,0.0032274706709396472
2017-05-17,0.023798427566064317,0.020321450137296804,0.006582115370494801,-0.006588003513732343
2017-05-18,-0.008334197843704594,-0.008157018580655762,-0.0011192523597191029,0.01123762621976887
2017-05-19,-0.0018379968452838513,-0.0003876049122428782,-0.001147783391110213,0.0036320742081523694
2017-05-22,0.003441003251572372,-0.002721424838304065,-0.00032595955470349214,0.007698606742941427
2017-05-23,-0.0008475640057722389,-0.009759321427427303,0.00025378746831972165,-0.0019805952820662887
2017-05-24,-0.0020272097763894825,0.00047946630782180755,-0.0017002994785326742,-0.0003822763300705967
2017-05-25,0.0030471546672201644,0.008873099791351091,0.008984453684364402,0.015977539539824726
2017-05-26,-0.0020543467518645553,0.005145624882085809,-0.002021529429831359,-0.0055573220817358715
2017-05-30,-0.0005672094799014094,0.0063385266138107355,0.007041147706661199,-0.000702766753027162
2017-05-31,-0.0009577030624229321,0.009716912486269935,0.010355238798191557,0.002571414590619714
2017-06-01,-0.0027630360008936705,-0.0009946513989048666,0.0012697057133459477,-0.0006250601563240199
2017-06-02,-0.00460026177272288,0.004011578440727748,0.004462909708263574,0.0038686193641563893
2017-06-05,0.0031194359135655603,0.00535050306760354,0.0008682285383887489,0.0029187085458015627
2017-06-06,-0.010085775866131241,-0.019616291576627698,-0.0019921347474695095,-0.006131759681661131
2017-06-07,0.00788979441226334,-0.0005279086574517811,0.006878154230234967,0.0056906782559800195
2017-06-08,-0.0020933519113961463,-0.017673393297162332,0.002684713778648762,0.006771855647023539
2017-06-09,-0.011270426954215873,0.011642529178850447,-0.0264756602030779,-0.01657243805237074
2017-06-12,-0.0010484888802685388,-0.006471791874578137,-0.007415852560806013,-0.0018223487576787267
2017-06-13,-0.005653532469291567,-0.009181061424977321,0.00010642207153654937,0.0013422717582032284
2017-06-14,0.006655134431235554,0.004472665731153791,0.0036342177609531845,0.0054540082906961995
2017-06-15,0.002552392495596134,-0.0011939801596375643,0.004544080932978645,-0.002434674851465979
2017-06-16,-0.014533064884632352,-0.007291715299900026,-0.0034430662841057336,-0.007759277022413635
2017-06-19,0.014110696671543632,0.006517243939419881,0.01321959739377343,0.013352447501006726
2017-06-20,0.0008364066740200737,0.005093161347598407,0.0061649545864654876,0.01050765830977074
2017-06-21,0.002457872469565414,0.008467704497256756,0.016154673711358702,0.024752291246324498
2017-06-22,-0.0020481816626403138,-0.00044431100238062626,-0.00042535302283608356,0.006981952281724713
2017-06-23,0.00755949106661169,0.004128252903757401,0.0035288330528573386,-0.0018165968128955878
2017-06-26,-0.0014647803045659824,-0.0019191581750021003,-0.004128026762607928,0.00213151578692794
2017-06-27,-0.002691490987802747,0.00043327546385074633,-0.007929405934709366,-0.004668506165456665
2017-06-28,0.01023343822670486,0.007874145823042467,0.012867948175351307,0.01452095277891341
2017-06-29,-0.00019356162869754723,-0.001498880553316928,-0.007493550640372826,-0.0027042595355818433
2017-06-30,-0.004388994060876117,0.004191878936039117,1.0472798371408132e-05,-0.009302234222754002
2017-07-03,-0.01778302282563149,-0.006078842189050193,-0.015006979265981268,-0.008952742994197793
2017-07-05,0.01474255229535304,0.021318953502218463,0.015830970146254675,0.04386193268194094
2017-07-06,0.003692874492655429,0.002497072760375252,0.0033425044538395454,-0.00118305099702809
2017-07-07,0.01873193290076447,0.02044394983312059,0.008612419295077167,0.0066287012220143104
2017-07-10,0.019195884803445473,0.02038411306964827,0.009268259007987556,-0.0017719650389746988
2017-07-11,0.009961465671619818,0.01209402252386349,-0.002098869685069338,-0.002646197796595584
2017-07-12,0.014700175004484395,0.015557553894301357,0.00459063990912334,0.004508644324747291
2017-07-13,0.005567649565672683,0.0014906572604698187,0.0037610735554050034,-0.007160928842945835
2017-07-14,0.010198506196605672,0.0046691531588267665,0.0003204240853600382,0.006496034863404887
2017-07-17,0.001325957157479296,-0.00013271211883592038,-0.0016767671604906997,-0.0014207904650961334
2017-07-18,0.0023385452769204562,0.012026593341820435,-0.004250471146457824,0.011718796003556298
2017-07-19,-0.01378071729423569,-0.013217050996573443,-0.014049719732278088,-0.007552845928904817
2017-07-20,-0.004712891007272013,-0.0006682194189796542,0.004086123622414339,0.0022527495990940505
2017-07-21,-0.00030751764855285746,-0.005360739367969214,-0.00042185505632652553,0.0013698288879078202
2017-07-24,-0.001285135384536451,0.014111287347285728,0.002183009570957184,0.015152683309674009
2017-07-25,-0.009541867177586982,-0.00044112649464866927,-0.0021484909427337273,-0.014966273844582934
2017-07-26,0.004388163601708239,-0.003755511008225465,-0.007455281739662145,0.006989489701958451
2017-07-27,-0.015226624188136362,-0.018557495759842002,-0.013924416418757302,-0.02951277616789094
2017-07-28,-0.005077354534146816,0.0005099275718094542,-0.004103494678175168,-0.004429466269675553
2017-07-31,-0.0053155244172463645,-0.0030012128573498886,-0.010506149394900133,-0.007298102692205544
2017-08-01,-0.0026387734890506165,-0.004785003191165926,-0.0034311654606129505,-0.007094966618356069
2017-08-02,-0.0009764215324705727,0.013658813799367175,0.007482486703942026,-0.012236294051642504
2017-08-03,0.006237552853262329,0.008548584461251618,0.009334153998967976,0.015131153100044203
2017-08-04,0.017961980445923453,0.030427728455326486,0.03966448530211997,0.003449113041345875
2017-08-07,-0.0022640308500836426,0.002449116769744686,-0.006941592757272574,0.011539170122888631
2017-08-08,-0.006424831503498596,0.007424670007973866,0.0027352104824445167,0.010720721304452896
2017-08-09,-0.005261179225053425,-0.0013241898373297367,0.000610956117823136,0.00019529070207657817
2017-08-10,0.006886555744680667,0.014054723584475015,0.008268032487930732,0.0010943238974321368
2017-08-11,0.013818408548825323,0.005695359234859865,0.000767965171863283,-0.0019289157524509104
2017-08-14,0.007369008540482058,-0.004288878787512607,0.0011558087510443738,-7.243286696689832e-05
2017-08-15,0.011298080944658562,-0.0044972465267111295,0.0004678316013642103,0.004836795951348893
2017-08-16,0.00010675264603632328,0.0056263416149746615,0.0031355094870859634,0.0026574900770421905
2017-08-17,-0.008488087473465189,-0.007728554138354271,-0.006877848995966107,-0.005295799199119489
2017-08-18,0.00031070251380471703,0.007077619391068213,0.000761834101699943,0.0009703920647861075
2017-08-21,-0.006496553721680787,-0.001360075112268544,0.005960987796606698,0.0038864815089292293
2017-08-22,0.00042966568759594814,0.011855565827472603,0.0030607880251429798,0.004186949226375525
2017-08-23,-0.0014019158099369822,-0.00432071212923224,-0.0015748714746339765,0.0029694306079310895
2017-08-24,0.0072938488026164094,-0.001492205809272007,-0.002287832313062399,-0.0007516916298639931
2017-08-25,-0.0036972218529374157,-0.0052548210541985,-0.004660335698423945,-0.0027730720661318653
2017-08-28,0.006975989440543451,0.0028969576080064563,-1.9615616219659238e-05,0.0008383779241365463
2017-08-29,0.005007500558115607,0.005485931019369561,0.005879415062036264,0.003234571026003108
2017-08-30,0.005259549689821119,0.0059551671083970525,0.010194445247344586,0.00352886363381133
2017-08-31,-0.01415100984755735,-0.0055118637531621495,-0.004291743252781477,-0.0036788921974476585
2017-09-01,-0.005636417016589124,-0.004955628610673668,-0.009414486384693888,-0.004090113243356064
2017-09-05,-0.0006745344052307978,-0.013334228995640518,0.001433831805186081,0.003924363092031147
2017-09-06,0.008203877424171058,0.0012841847478932689,-0.0039015171071560273,-0.002142684275832085
2017-09-07,0.005253902710074199,-0.0029806415499070704,0.0046379665818971905,0.006151862745311654
2017-09-08,0.006457934632636775,0.013470137132500781,0.00926607453356243,0.00865159712459862
2017-09-11,0.0031692720803180308,-0.0006286440796455794,0.0011744217547744462,-0.004025394670657323
2017-09-12,-0.004051577208522228,-0.00027790626086965364,0.006096094622405568,0.0006860492644598093
2017-09-13,-0.0015951862126096783,0.007203314959191909,0.0007056833748924074,-0.0032478321834822355
2017-09-14,-0.003584278706078914,0.006123615245375191,0.004073014363860095,0.004709979016600974
2017-09-15,0.01384236026537411,0.023681500113578835,0.007665566264420276,0.010470004342887362
2017-09-18,0.010748255578113097,0.007987900391958735,0.003132636154195012,0.013719295272645482
2017-09-19,-0.0059645376740026235,-0.010034597018433122,-0.008804145698280585,0.008845822247206536
2017-09-20,-0.0014450971703752202,-0.004847256674145872,-0.011563663091960441,-0.003143249042037999
2017-09-21,-0.0007980124385461584,0.007017282228231947,-0.0008351806393016581,0.0030677968655816734
2017-09-22,-0.006427293670061673,-0.0030615558995524816,-0.0036170056368411974,-0.0005368804627415846
2017-09-25,-0.012399818977347432,-0.0021101840846775577,0.003479297041642404,-0.0069705997730740155
2017-09-26,-0.001970542446953938,-0.0034700059489640722,-0.0028836146781037186,0.0005112745166835353
2017-09-27,-0.001988796959510375,0.006821161823612254,0.007276233293820322,0.0038567961779281124
2017-09-28,-0.008004976300605815,-0.005539225623043098,-0.006990221709661126,-0.0024992228186718757
2017-09-29,0.013500198637792948,0.0020970087612124377,0.009121484509055033,0.00992762500567168
2017-10-02,-0.005341691352256928,-0.00272146911063742,0.004702706343320484,0.0006721350863798659
2017-10-03,-0.004424211068718487,0.0005634391339151001,-0.002990910926277568,0.00033109259742492014
2017-10-04,-0.00015887032249128907,0.00433217583069645,-0.004944548373651436,0.001982106921681215
2017-10-05,-0.00841713042235337,-0.005194217924640587,-0.0010332673542393644,-0.0003035010411404082
2017-10-06,0.0001992768445988613,0.003955058995651184,0.005159616643003018,0.005459189044348056
2017-10-09,0.00987152844616479,0.0020132640016086167,0.00544723873025621,0.006714176264698057
2017-10-10,0.0010036533814585802,-0.0016956703971438003,-0.005704908822312893,0.004878466971872442
2017-10-11,-0.005954811612378097,-0.003417655815788234,0.002243714201232816,0.0033411269985728076
2017-10-12,0.00227382905280038,0.0005687551160578064,0.005367664521615412,0.00964295291097339
2017-10-13,-0.004665963829924791,-0.007790284437717121,-0.004310284205814474,-0.006694344624251669
2017-10-16,0.001114509042065226,0.0023103656305183407,-0.0015330988203374751,-0.0010511220943258959
2017-10-17,0.0008082555319681717,0.003922753350874553,-0.006897825110183664,-0.0008801822479954646
2017-10-18,0.0017841780779146443,-0.005778099181531049,-0.0013086908484089,0.011234422894027762
2017-10-19,0.016773843116859366,0.016396419862410028,0.02571612731219952,0.011766132029533471
2017-10-20,-0.0012952436981829019,4.172674746238947e-05,0.0023422113007691703,0.004448352757001395
2017-10-23,-0.0018991246012154406,-0.0028119017932271007,-0.00232557607031747,-0.0022172904703399166
2017-10-24,0.0017131887538726076,-0.0003778235934909224,0.008311105519388295,0.0037743455881518173
2017-10-25,-0.012384288815178945,-0.019771955340965652,-0.01626326850177995,-0.0173597048262929
2017-10-26,0.0029032592815294578,-0.009203599276163765,0.006369261267652249,0.0011825669713099174
2017-10-27,-0.01617579174858319,-0.014922303069464848,-0.0051822133624919164,-0.002443687458108079
2017-10-30,-0.0025550634311373166,-0.002794232953486797,-0.002085998473316919,0.0015335468303501187
2017-10-31,0.0004865342034767739,0.0036107857900442575,-0.004248504912637063,-0.003312466702618977
2017-11-01,-0.011268113372422617,-0.0077999245564158715,-0.0059660297241473925,-0.0002070905385048727
2017-11-02,0.004947253642450189,0.006470442494096673,0.004127431086648592,0.0016577159855657442
2017-11-03,0.011214145149051502,0.0018021673040051756,0.0035494257574057997,0.008141812265579862
2017-11-06,0.009285730613697751,0.01400169207130686,0.014925819410720909,0.011534541439385482
2017-11-07,0.0032753583343974046,0.0022581355705104666,0.009633866750561326,0.007646458266874712
2017-11-08,-0.004293982097848703,0.0,0.0,-0.009201826931486745
2017-11-09,-0.003106947752326894,-0.009245602437999323,-0.017238131034483906,-0.006999016116225332
2017-11-10,0.004387111650457465,0.0,0.007455075161395985,0.01485234209720332
2017-11-13,-0.002911441940388726,0.0,-0.0060469716091856585,0.006783255155733192
2017-11-14,0.0028148057854875397,0.0,-0.007325645794928115,0.011328386836495952
2017-11-15,-0.0005113353698739109,0.0,-0.0015527903404671806,-0.007746733770580327
2017-11-16,-0.00629559316322259,0.008963490498826499,-0.010412200813416983,2.5731219423175133e-05
2017-11-17,-0.009523845436756329,-0.00028969440177406547,-0.0033632313084798193,-0.000503292091882046
2017-11-20,0.006258220987686247,0.012220891919880295,0.011513031569307053,0.012940575486104944
2017-11-21,0.005065444037859024,0.001170532121466339,0.003302715061775041,0.009791511468998593
2017-11-22,-0.004892656558606379,-0.0029211547167944385,-0.008655570736760376,-0.010581932005269912
2017-11-24,0.003204260200168285,0.010172238702356395,0.011479820385960515,0.005554218602159322
2017-11-27,-0.004260935748934935,-0.007362359506153049,-0.009346960616290367,-0.015065366613958298
2017-11-28,-0.007689532215954142,-0.008499965817979183,-0.0070948576920083495,-0.006624480737343452
2017-11-29,-0.034670850965872746,-0.032058100261465605,-0.03588822437818917,-0.04727966541516415
2017-11-30,0.00039906369989362034,0.0052674715164953145,-0.0024305336408783074,
2017-12-01,-0.005631017860790011,-0.0026449792232106084,-0.00674384731354194,
2017-12-04,-0.022959562224090457,0.013180738747557541,0.008344280053242059,
2017-12-05,0.011424933120690595,-0.0057209927125114746,0.004424333090860433,
2017-12-06,0.0019780099726458555,-0.0011077897544528037,0.003074710591803642,
2017-12-07,0.01507704508037122,0.0034738543415375744,0.012054531324522388,
2017-12-08,-0.014524751313055306,-0.015062617764508013,-0.005450636716081481,
2017-12-11,0.0014263426846556904,0.0026368498380531236,-0.002561969634391703,
2017-12-12,-0.005772085587568032,-0.01326954221294796,0.006388105970008606,
2017-12-13,0.004637868888780261,-0.0016208103855946954,-0.013190289025323931,
2017-12-14,0.007128924015511462,0.014594195460634563,0.006746629380094404,
2017-12-15,-0.0039312740347133834,-9.87872290795222e-05,,
2017-12-18,0.009072503449669922,0.010392565048830571,,
2017-12-19,-0.003082702317815822,-0.00478147914278948,,
2017-12-20,-0.010678028009536655,-0.0021571301579365043,,
2017-12-21,-0.012081227187609511,-0.013768277497411718,,
2017-12-22,0.0019430145418588562,,,
2017-12-26,0.002867517784696627,,,
2017-12-27,-0.0024245445997818083,,,
2017-12-28,0.0024774624338130824,,,
