split_date,return_1d,return_5d,return_10d,return_21d,return_42d,return_63d,return_1d_lag1,return_5d_lag1,return_10d_lag1,return_21d_lag1,return_1d_lag2,return_5d_lag2,return_10d_lag2,return_21d_lag2,return_1d_lag3,return_5d_lag3,return_10d_lag3,return_21d_lag3,return_1d_lag4,return_5d_lag4,return_10d_lag4,return_21d_lag4,return_1d_lag5,return_5d_lag5,return_10d_lag5,return_21d_lag5,rsi,bb_high,bb_low,atr,macd,month_9,month_10,month_11,month_12,consumer_discretionary,consumer_staples,energy,finance,health_care,industrials,real_estate,technology,telecommunications,utilities,intercept,month_8,month_7,month_6,month_5,month_4,month_3,month_2,year_2016,year_2017,year_2015,year_2014
2017-12-14,0.0003031388325825135,0.0004047256420924703,-0.0017584335845463317,-0.0006601214077521798,0.0007240811272805505,-0.0005849788863177635,0.0002959301166128519,0.001035841483215158,0.0012296906911543836,-0.0005713242543767429,0.000434600817569542,-0.0006609439376292839,0.0005199576227029741,-5.945590922147397e-05,0.00039210882451764606,-0.0005607792328219023,-0.00013530120133226366,-0.0003220311444467923,0.0005442351762928497,0.00010224593914353512,0.00039915573536850843,-3.316191244697233e-05,0.00019545198025077857,-0.00021520313380506048,0.0003650134584212666,0.0002936883147681222,-1.2765636554336725e-05,-0.00019582879864167476,-8.003894197751033e-05,-7.6045883201254e-05,-0.00012160076019731317,7.391549626102987e-05,-0.00017674316882289142,-0.00010201838717482615,0.0002963316878868926,0.00025881067046413527,-0.00015140789733130686,-0.00025983403784534737,0.00034963699495402885,-0.000388747127624787,0.00034906790326170946,0.0001395370878267093,-3.93277226116917e-05,-0.00013884482421678602,-0.000637689136517396,0.0012354976262134306,0.0,0.0,0.0,0.0,0.0,0.0,0.0,0.0,0.0,0.0,0.0
2017-11-30,0.00017834180881559967,0.0003817570101293631,-0.0016711277715003518,-0.0008600974886774005,0.0008653296740906186,6.167959685054133e-06,0.00016888540295313933,0.0009560087320005803,0.0013515094709195164,-0.0010951909946341008,0.00032461450691014557,-0.0006180705787103797,0.001075373925709531,-0.0005122049288056596,0.00035579184431900555,-0.0005225211199592752,0.00028923883811816063,-0.00036780491008215477,0.0005324595178868186,-0.00017680769724318129,0.0005276523194480962,-0.00014323000589986853,0.0001849954372842153,-0.0005287007859081154,0.0003273138287419455,0.00020780836888223354,0.00026304478127247275,-0.0002999162764078337,0.0002798021799729127,-0.00014166471579545747,-0.0006401759271823758,0.000288511061686854,-0.00017813046286610607,-4.95155222025762e-05,0.0,0.0013290498286647945,0.0004297033844297329,0.00040122153600592237,0.0011070598102392191,0.0007201553756457338,0.001216956601263331,0.00014548930729480828,0.0010530050683771105,0.0002945905666668617,-0.0004265082949883363,0.0012812958512729553,-0.0001540815606763562,0.0,0.0,0.0,0.0,0.0,0.0,0.0,0.0,0.0,0.0
2017-11-15,-0.0005206138232221416,0.00014843430853678634,-0.0005021128217761889,-0.00042822654254874614,0.0009026384392212573,0.0008524229045288289,-0.00044368872659408104,0.00032557622504902786,0.00013579489098657752,-0.0009297052915758978,-0.00021716495628053623,7.145825908960661e-05,0.0014261905517231187,-0.0005097424926635084,-4.254099208774963e-05,0.00012429742194220898,0.0001705799734190952,-0.0004484969816716689,0.0002389262222550508,-0.0006777140519894804,0.0001772477326943313,-2.973083545931779e-05,6.838593304362343e-05,-0.0009929099739063648,4.352012605700292e-05,0.00016105689555841722,2.0154373960789008e-08,-0.00039366725340571503,0.0006068173241681084,-0.0001906411551393188,-0.00077419083455374,0.00028889860048536456,-0.00019214312428428648,-0.00020818784935349927,0.0,0.0015123287239466852,0.000605333737737321,0.000752952695526729,0.0011764294646638104,0.0011190267220626698,0.0014304448480399893,5.6265344890404956e-05,0.0018307306887981186,0.00035385880403874165,-0.00023798249840929067,0.0012849540025874756,7.38218442053643e-05,0.0,0.0,0.0,0.0,0.0,0.0,0.0,0.0,0.0,0.0
2017-10-31,-4.4572996248656744e-05,0.001107141039697368,-0.0003948478824781144,-0.0010066613583274698,0.0008546963472624619,0.0007196547484415659,-0.0001411952513601975,0.00036401713384657944,0.0013191282212062976,-0.0011318821214078491,-0.00013766595436429075,-0.0006678408152800509,0.0014080189079158849,-0.0003631184864391832,-0.00010801673218399853,-0.0005059199399960213,0.0004764245422026742,-0.00011060434918764157,-0.0001485636018855437,-0.0005610569414575923,9.085233684077183e-05,0.00026447164096266446,4.2587083340234796e-05,-0.0010564225904296442,2.57759830984096e-05,4.953795782617681e-05,0.0008989693611030345,0.0005252466204707232,-0.00046464532415184737,-0.0002154179108017056,-0.0011551917779984038,0.0004425002316978265,-4.787391012342655e-05,0.0,0.0,0.0016067125156682903,0.0006143462029722842,0.000996134925290789,0.0015142996564954305,0.0015006751119839986,0.001652666660850567,0.00035581770211894444,0.0020932389233721863,0.0006270099548501598,0.0003575490212674271,0.0009027506213517964,-0.0003872950545241303,0.0,0.0,0.0,0.0,0.0,0.0,0.0,0.0,0.0,0.0
2017-10-17,-0.0002755640869736752,0.0020572152518148696,-0.00033768463483478727,-0.0010708754539966417,-0.00022555970682942237,0.0021830246645234428,-0.00042795660455551666,0.00021682902273157482,0.0009691241731578336,-0.0014344024051434496,-0.0005736647661761409,-0.0007940975269964599,0.0028480432233228777,-0.001152568640089946,-0.0006213168274005783,-0.000320327348888345,0.00046424413469329146,-0.0003197208376600188,-0.0007822504240336841,-0.0015577242722661134,-0.0001635245535634895,0.0003783875325921339,-2.223784705807402e-06,-0.002023459961670421,-0.0003000034569184518,-0.0003460612402139163,0.0012520343283066375,0.0009441585435549667,-0.0008973105455903573,-0.00031978750731592487,-0.0015276975272975955,0.0003555042752191024,0.00024081708974164185,0.0,0.0,0.0019920027372271297,0.0007305774952138046,0.0011156521378733696,0.0016536690693647691,0.0018885373124771176,0.001951200316949787,0.0006440141237941168,0.002191042802292381,0.0010872599165652605,0.000496988308267158,0.0009367268009523987,-0.00043774478428902966,-0.00013610994564257483,0.0,0.0,0.0,0.0,0.0,0.0,0.0,0.0,0.0
2017-10-03,-0.0005340344862890303,0.0013400356182452792,-0.0005093251219615375,-0.0012917585301574282,-0.0011331342653410296,0.002243507676182453,-0.0005478497675476787,0.0005638736118581877,0.0009910036537388377,-0.0013909521094453714,-0.0005223202546249632,-0.00048582647855512914,-5.595608603966624e-05,-0.0015350023069434786,-0.00039405490377331705,3.666585109168854e-05,0.000890650826877672,-0.00040524901990930234,-0.0004014890953481977,0.0006453930292592428,0.00024412667290651686,0.00014907839595553984,-9.04482508012067e-05,0.00039573670975322575,5.9546536755571964e-05,-0.0004466447695253594,0.0013494816081882281,0.0002699632152547312,0.00015716528912092833,1.695483561212636e-05,-0.0015468539278789017,0.00039018735644494524,0.00021269825008654163,0.0,0.0,0.0016171384167679274,0.000578928272442076,0.0012028078504942373,0.001301275949276757,0.0016688700932911615,0.001817552041367579,0.000542755494085333,0.001968569936389922,0.001049349217922956,0.0007005662841540714,0.0009900897207939198,-0.0004789650638670495,4.5555090371063795e-05,0.0,0.0,0.0,0.0,0.0,0.0,0.0,0.0,0.0
2017-09-19,-0.0003302980939113012,0.0010080553651366148,-0.0004928201774052965,-0.000644265424520449,-0.0017973996195268164,0.0021837047737199755,-0.000348106884626764,0.0005722617384758925,0.0010863726989560427,-0.0013895046700996313,-0.00038813336686143357,-0.0005360452356646686,0.0001964991804100495,-0.001724424288578185,-0.0003934028171224417,-5.8591621345376526e-05,0.0011726847132391904,-6.572617974504207e-05,-0.0004381015661179054,0.0006583422348467748,0.00048125066527873246,0.0001511898812392315,-0.00026166254015391266,0.00034952123336201536,0.00010700212654422787,-0.0004175346523443636,0.0018198372820043148,0.00046367577988924003,-0.00017659514789716786,-5.652711088999335e-05,-0.0019115663368792037,0.00044056298129670576,0.0,0.0,0.0,0.001426407910166243,0.0005679375921881685,0.0011448594113040186,0.0012646499640551498,0.0015804903904754765,0.0016101527594561903,0.0004968980951718793,0.001662856671669217,0.0009501638640197114,0.0007732850284632501,0.0005576919011679767,-0.00024065307189196315,0.0003115553986945648,-0.0005695130736788087,0.0,0.0,0.0,0.0,0.0,0.0,0.0,0.0
2017-09-05,0.00020049772421996013,0.0005398182185989084,-0.0005713377241959864,-0.0004887337156066318,-0.002390314402572184,0.002347428201226142,1.9338216550513083e-05,0.0008574534401086049,0.001240847967556705,-0.0005934714912277424,-9.044953104140712e-05,-0.0005551494623419534,0.00015007369437146785,-0.0018026683760688721,-7.560099847333531e-05,-0.00018229268558241272,0.000794593270372626,5.6003581905837717e-05,-0.00021576300020946233,0.000775338608045512,0.00036908485435800594,0.0002879112105421819,-0.00033112431213157826,0.000281834566524515,4.944759532136529e-05,-0.00024321956992894071,0.0015440427156297879,0.0006951880633520554,-0.0005780463504574212,4.834658316542323e-05,-0.0017672491407785386,0.00014372659168976787,0.0,0.0,0.0,0.00010493761297764054,0.00016788370859865622,0.00035896443915804156,0.0003376264865712797,0.0007925635412705963,0.0006518568344459513,0.00043275629047712056,0.00045990335470841916,0.000290001396344554,0.0006021025509924062,0.00021165246355096018,-0.00010491887888995589,0.00043530209124323014,-0.0003725444822695117,0.0,0.0,0.0,0.0,0.0,0.0,0.0,0.0
2017-08-21,0.0002655327647585083,0.0007953091676673011,-0.00044465434655735064,-0.0001799887326108036,-0.002128693678058927,0.002069450552781319,-5.45987753814067e-06,0.0005913971686515297,0.0009183049229823944,-0.00043191162895259383,-0.00013662472041822352,-0.00037682758392806274,7.74708979432838e-05,-0.00157820447592409,-0.00023625858741934807,-3.835023517533431e-05,0.0003580512243720162,0.00018529883660499614,-0.00041244764187367897,0.0006882959484306498,0.00039240497570856896,0.0002236804516583828,-0.0002974939362126995,0.00024966680023041487,-0.00010412622266864203,4.744725485813895e-05,0.0017632298583727618,0.0010054030067073532,-0.0010370029472138462,0.000160180397506226,-0.0018115705169654541,0.0,0.0,0.0,0.0,-0.0004180524632483351,-3.536380591848939e-05,-0.00019055006391052598,0.00010996864653058146,0.00031708119499106603,0.000411637849072726,0.0001840125032893749,4.751398786150355e-05,0.00013629255182501867,0.0005874229115653343,0.00011436726229570715,-0.000589709803878576,0.0004923528779419683,-0.0003307419284792907,0.0005511979314856656,0.0,0.0,0.0,0.0,0.0,0.0,0.0
2017-08-07,0.00016329619448579393,0.0009637970934160566,-0.000975221839529822,0.0004751061726386817,-0.002230065989921513,0.0019284469143004202,-5.60780233286807e-05,0.0008055602604165526,0.0009200156598374725,-0.00029637523643944277,-0.0002708917553604004,-0.0005737068241874436,0.0005627170192399884,-0.001646474810287049,-0.00039097263688380216,-0.0004010181242314488,0.00041949129412597604,0.00028870959802882026,-0.0005292745128963596,6.607389487569547e-05,0.0004375138435116482,0.0001011907717819444,-0.00035064270787761283,-6.483395481167602e-05,9.551848025520663e-05,0.00010109718303597219,0.0017879300806316416,0.0009252475840991919,-0.0009242633165493267,0.00013621602436260952,-0.001709411567236376,0.0,0.0,0.0,0.0,-0.0004109283074008121,-0.00010072845463488589,-0.0002116620203747336,0.00012129196377955596,0.00023108033363949097,0.00021598168928574693,8.335502651736036e-05,7.126830582537155e-05,-4.7888958207972284e-05,0.0005746356770094167,0.0004117030462018066,-0.0006499852271676655,0.0003713020715851927,-0.00043759428980999715,0.0004401957199658639,0.0,0.0,0.0,0.0,0.0,0.0,0.0
2017-07-24,0.000491004991436292,-6.936589961551268e-05,-0.0004336926015253056,0.000863551344265169,-0.0020597962100674617,0.0014044580043154997,0.00021864496932675947,0.000523771635578906,0.0010060172632903497,0.0008214859657322327,6.717758522145682e-05,-0.00019291140126769391,3.61350514439215e-05,-0.0013989013904915897,-8.841623001170722e-05,-0.0004945119904588444,0.00010884226534764944,0.0004446156958360575,-0.00022230655100270708,0.0003049146174227442,0.0003474145813884359,-0.00011182911400330394,-0.00039568177873168194,0.0005126915955320113,-5.90954097083639e-05,8.155034878251173e-05,0.0009157575361574846,0.0008021316033034382,-0.0006038877702103237,0.00010789917776768134,-0.001349332977147984,0.0,0.0,0.0,0.0,-0.00029401007823385243,-0.00012332892170084284,-0.000334964243038086,0.00011644024250705947,0.00034801292038640617,0.00011760797634507532,-8.154886487837706e-05,0.00018477142322293204,-0.00029085662194545486,0.00040781676280056634,0.0007121414222317347,0.0,0.00036239687815100977,-0.0006488948080750417,0.0003230185518848703,1.6313170014616414e-05,0.0,0.0,0.0,0.0,0.0,0.0
2017-07-10,0.0010049816472341982,-0.0011998422941943798,-0.0009621957315745265,0.0006745223680983267,-0.00164948719026557,0.00110181882811541,0.0007577691875185565,0.0009408840429013064,0.001396779063476203,0.0011362643601029612,0.0006408763410254291,-0.00039734099906708453,-0.00015540147249546948,-0.0008441236377523546,0.00041605265846104554,-0.0008140458599045796,-8.311358895896455e-05,0.00039543565865270353,0.0003580523573430035,0.00038209127708607743,8.997795031414454e-05,-0.00013477756942176106,-0.0005064654158664251,0.0004609476089938777,-0.00019332846178988724,0.0002802740096820962,0.0012673424931220578,0.0008014963217117299,-0.0005822163464568895,-0.00022918159648381792,-0.0015407848188262263,0.0,0.0,0.0,0.0,-0.00019156423294096057,-7.509926520398729e-05,-0.0006357891369051614,0.00022903158118755328,0.00027423359363485116,0.0002496219205146309,-0.00021448865226858025,0.00022245543481207275,-0.00035524503620869887,0.00010964351371709541,0.0008482769399250625,0.0,0.00034647681544400943,-0.0006251429031457053,0.00022222749917360932,0.00025661742670730344,0.0,0.0,0.0,0.0,0.0,0.0
2017-06-23,0.0005111263874550165,-0.0008084098898519398,-0.0004643573122590049,0.0010290884713098575,-0.0022435929619002808,0.001121455550839036,0.0003256311469107846,0.00046899074865772915,0.0008138631211393196,0.001516660347497301,0.00030555277306189266,-6.880111274007556e-05,0.0002160702305916703,-0.0008889747864996995,0.00020969523151474783,-0.0006056368298392209,-0.00024777137526270094,0.0003893929065595017,0.0001763630711097508,0.0002450402868878849,2.7379294669941374e-05,-0.000222156140836837,-0.00028944403392783805,0.00013771358392129183,0.0001297924215114051,0.0004519062139432896,0.0009715669897541151,0.0005042650238114894,-0.0002323875814665974,-0.00025569161746862013,-0.001135983078078514,0.0,0.0,0.0,0.0,-7.185387941731697e-05,3.617077340201389e-06,-0.0005222288830908525,-7.465136758330096e-05,0.00021561392170380388,0.00035027763391101084,-0.0001843757350158772,0.0001532080832222214,-0.00025848576301111634,0.0,0.0006623007302488628,0.0,0.0,-0.0003786840342532053,0.00029821726155619584,0.00011464353474085424,-0.00010779436093709954,0.0,0.0,0.0,0.0,0.0
2017-06-09,-2.4963620779755533e-05,0.0013665712915423294,-0.0001485092021214935,1.2767647145017553e-06,-0.0010085890740527588,0.0011301906831226436,-0.00013295447683301222,0.00021926949385020386,0.0006847389751821456,0.0007020502569810826,-0.00029758971732761735,0.00011513278042774562,0.00023277268023303867,-0.0008056441034831119,-0.0005130599720381329,-0.0007939504990788167,-0.00020333856653929167,0.0002027130293923729,-0.0006870259525527156,-0.00012166855117712781,6.512848839266502e-05,-0.0003805126629636621,-0.000152457341560965,0.00017006009171300347,0.00014921074018252965,0.00033672975130737793,0.00100221278858837,0.0012142614567425857,-0.0007812964977325086,-0.00014955154442239808,-0.0015972643065815429,0.0,0.0,0.0,0.0,-0.004379032226110335,-0.0024031273213063666,-0.003284013253168817,-0.003853648711906793,-0.004426266197842072,-0.003304038620714744,-0.0011776071139139364,-0.004384189230601025,-0.0028564500171934667,0.0,0.0006385463430714036,0.0,0.0,-8.797462697128998e-05,0.00038362053090748734,0.00011053365684201338,-0.0004845214890892636,0.0,0.0,0.0,0.0,0.0
2017-05-25,0.0013937623429699294,-0.00028369368028537345,-0.0014733670351551472,0.00023167961274438902,-0.0010918309016840313,0.0012057735251618368,0.00120812531377209,0.0011991072192580748,0.00037689163565576985,0.0007343956124704978,0.0008482127367684485,-2.7099879104074298e-05,0.0002872192347154266,-0.0005841725648043317,0.0005130889585596606,-0.0009436471900103035,-0.00022788786827010137,0.0001199726305818188,0.0003055737337579889,-0.0002483646228953056,-0.00014790809359204924,-0.00011711963142787478,-0.00024876797744874076,-5.962446714337521e-05,0.00031466297894393417,0.0001895238813420476,0.0003268735067002733,0.0011319024205186106,-0.0009660486922790243,-0.0001220797670183125,-0.0005830826462038127,0.0,0.0,0.0,0.0,-0.0010937146601502905,-0.0008362986557466697,-0.0014289165410626189,-0.0015157594044397146,-0.001392944640721941,-0.0009765265204915078,-0.0005261665610062897,-0.0011058209503217568,-0.0010381350862149728,0.0,0.0005148041345720425,0.0,0.0,0.0,0.00032271164799116246,0.00014014162810670826,-0.0004368183293303595,3.845117687291527e-06,0.0,0.0,0.0,0.0
2017-05-11,0.001122973188963286,-0.0017456560445585152,0.0005559706632360436,0.0004050803781829426,-0.0004316129943307449,-0.0005128788190979587,0.0009825913461320901,-0.0004048911300176989,-0.0009481317074428166,0.001028063732520399,0.0006938001773561332,0.0008323797160952011,0.00031144286051264605,0.00015313317311056002,0.0003835178983421084,-0.0001570197215155048,-0.00030467422051040063,-2.3149155936432296e-05,0.00037655801975640347,-0.0003474840004398255,0.00011855060486655593,-0.00018510606037819426,-0.000160818246734631,-0.00015192943737992297,0.0003695788286319613,-6.233111221677337e-05,0.0004659586291362338,0.00047870968220265343,-0.0005405246042393629,0.0001503467797951319,-0.0004799730403000478,0.0,0.0,0.0,0.0,0.0012807860650630865,0.00038069926463942113,0.00011548127824041643,0.0004340535895412262,0.0010875996244622485,0.0008461630531342604,-9.386271462005239e-05,0.0014316169356194716,0.0004127893550773056,0.0,0.0005463286469115169,0.0,0.0,0.0,0.00012220534655665952,8.845826564811695e-05,-0.0004245883644799791,0.00031371842236513467,0.0,0.0,0.0,0.0
2017-04-27,0.0012022114874437127,-0.0019362982158477933,0.0010319903689942499,0.0001349170246116997,0.0021020975121868457,-0.003360625311150621,0.0009737932708478145,-0.0008938954637296377,-0.0011088119500294996,0.0011271447020581506,0.0008203437106170422,0.0008279654698609765,0.0016159123246854957,0.002632569691687348,0.00045211867179787774,8.755890574443092e-05,-0.0005275460111947959,-0.00034263186071182135,0.00042664814018812235,-0.00095844128174906,-0.000173053233392464,-0.00023930704690368045,-4.977695991037444e-05,-0.0011312173556543023,-3.322665527619263e-05,-6.628697497210957e-05,0.0005851345581573675,0.0007659421983952803,-0.0007781678803531576,-3.5118889585702145e-05,-0.0007132769800395022,0.0,0.0,0.0,0.0,0.00175469355534299,0.0006540688743460019,0.000330764221826145,0.0009808591864123879,0.00169621662503337,0.0013923742586368182,1.199282178893705e-05,0.0018683784630801807,0.0007847840704082611,0.0001570325399077756,0.0008869773807375834,0.0,0.0,0.0,0.0,-0.00032140100797508573,-0.0007926835436451041,0.00018052565014171608,0.0,0.0,0.0,0.0
2017-04-13,0.0006843040201528249,-0.001066322168366889,0.0011306654030060368,0.000640271660398338,0.0017823902101959815,-0.0035179872550227887,0.0005226934136081802,-0.0008699661289394894,-0.00127889999913986,0.0013373428585943205,0.0003097875941166385,0.0006987204087752565,0.001961305253828374,0.002477131882827056,8.91219708160265e-05,2.948532173613689e-05,-0.0003717363538778807,-0.0003574734141611581,3.0254924051328665e-05,-0.0011410052116408577,6.475802868252096e-05,-5.8849943210179745e-05,-4.919896350424035e-05,-0.0012683373281981072,0.00019134414714866974,7.063453094873092e-05,0.0003193427799746985,0.0005703040038189379,-0.0005666313234587545,-0.00035840397707721653,-0.0003669132464523178,0.0,0.0,0.0,0.0,0.0008820342992756094,0.0002387663617987717,-2.4760993966752435e-05,0.00043355298146612915,0.0008960002705801409,0.0007993179137030774,8.601247670255627e-05,0.0010173631687436294,0.00044348746797121284,-1.6357193776407554e-05,0.0006115769259699245,0.0,0.0,0.0,0.0,-0.0006487906625696346,-0.00044627293866432167,0.0005415224662353152,0.0,0.0,0.0,0.0
2017-03-30,0.00022929927076205349,-0.0004920615252963763,0.00091669118987994,0.00042480741056638853,0.0023083133501807874,-0.00423216833600498,6.973870102916167e-05,-0.0008220038135454682,-0.0010882666030870383,0.0012990675156391174,-5.7554934578316664e-05,0.000502754955565296,0.0016232495978653983,0.0031951566339717113,-0.0002603328528920968,0.00010177687412921448,-6.339475843997564e-05,-0.00012331264047780427,-0.00019808045395579619,-0.0010886699579835601,-0.00014988756436374063,0.0002504453455282111,-6.792986893722655e-05,-0.0010940146219585725,-0.00015880339410265693,-0.000295453924934912,0.00028618669270707813,0.0003785914464150486,-1.833522472174121e-05,-0.00042573641199851876,-0.0003733524699740778,0.0,0.0,0.0,0.0001889827222434987,0.0007427699619980219,4.8748099513049115e-05,-0.00045141769106238155,0.00024836112681613816,0.0006997145103937592,0.0005873787445727346,-7.07486672364724e-05,0.0008484240227064762,0.00033849271598743706,8.40210510329093e-05,0.0009661826194080503,0.0,0.0,0.0,0.0,0.0,-0.00047133596603925724,0.0005482228925100765,0.000188982722243417,-0.00018898272224358346,0.0,0.0
2017-03-16,0.00018530450068178088,-0.0005625697056541804,0.0011370442620697058,-0.00018578841764689026,0.002990191181509997,-0.004077394840896638,2.5400130482469365e-06,-0.0008836120654293288,-0.0009756630484183036,0.000555039184143514,-5.3499804986546724e-05,0.0005975852749218739,0.001598947478710684,0.003431865664184321,-0.0002817533824539545,0.0007559610015367993,4.675931669970845e-06,-0.00011747632544831523,-0.00019420995359160554,-0.0007568667823754215,-0.0003587153643151961,0.0004023932577438088,-2.2649188688360373e-05,-0.0010316823016834637,-0.0005869343725408215,-0.00025263254079924325,0.00013884499166770707,0.0003424829986915208,-6.647322974861867e-05,-0.000524493582499735,-0.0003841359943050538,0.0,0.0,0.0,8.05856807723209e-05,0.001462351521122932,0.000786878125492088,-1.691581658458311e-05,0.0010995680480493238,0.0016592027036143235,0.0013663297384349674,-0.00015701503771169207,0.0016026074605683303,0.0009387330657499408,4.326548595354643e-05,0.0009849928137794825,0.0,0.0,0.0,0.0,0.0,-0.00041338021703149665,0.0005652766945333968,8.058568077300547e-05,-8.058568077214532e-05,0.0,0.0
2017-03-02,-0.0005233326382629007,0.00024057525158594067,0.0010824582550034245,-0.00018515614550311098,0.003091537990780686,-0.0028362877484043067,-0.0005663501572647923,-0.0007667236619292879,-0.0011079443181248804,-5.29534943373136e-05,-0.0006629558073210583,0.0006995824028819872,0.003783923605356357,0.0024638772041321254,-0.0007365465180143914,0.001059478907011421,-0.00023063775949574994,-3.449364573950238e-05,-0.0005661488047343385,-0.002358098575382714,-0.000337582079029051,0.00031286245088092956,-2.1933301408975397e-06,-0.00268309818057922,-0.0008964600332636492,-0.0004782148936871031,-0.0001091127144740523,0.00029971941160332336,0.0004025643774350941,-0.0004351599566481834,-0.0009986173303751776,0.0,0.0,0.00013940903907524196,0.00021829434307325254,0.0019245799204888666,0.0009834351041934854,0.0005250734699233987,0.0018591179519911658,0.0019068049094001732,0.0017653199643712033,0.0008537904890844312,0.002076990864942507,0.001314798847799526,9.009014406678578e-05,0.0015713837386251445,0.0,0.0,0.0,0.0,0.0,-0.00035265504884396355,0.0006345819782975405,0.0002642339501438562,-0.00026423395014363104,0.0,0.0
2017-02-15,-0.0006152389240708003,0.00017386635541932188,0.000805319621034308,-0.0004335925605078511,0.0031017057268800997,-0.0024353773595923002,-0.0005159659035034096,-0.00022155536496767234,-0.0009690976071845603,3.569407230836576e-05,-0.0005393224926634655,0.0006993307004993697,0.0038354557552649203,0.0025768056562820987,-0.00047132386627353755,0.0011962342172086155,-0.00051820628294692,0.0002240961502702758,-0.00020915934694719482,-0.0024500175544176026,-0.0007142849197459073,-1.9691883602876534e-05,8.107483029674031e-05,-0.0028640246764241113,-0.0011522090431311184,-0.00024316831324267237,-0.0003352828436267634,0.0003240550394140307,0.0006897555695570429,-0.0007837203758417485,-0.0011298175491686027,0.0,0.0,0.00012585627631827247,0.0001860930177453154,0.0010985350443547327,0.00039597884022367526,0.00013262911963523766,0.0012905187826505488,0.0005792521061941283,0.0012066733106287154,0.0007281250795408298,0.0010070507450595392,0.0008335270586454289,-6.912091967387678e-05,0.0017982844363772582,0.0,0.0,0.0,0.0,0.0,0.0,0.0009332566199895248,0.0002734856954017113,-0.00027348569540114803,0.0,0.0
2017-02-01,-0.0010128828188342878,-0.0009451508863188079,0.0013981867331311875,0.00011715876272925555,0.0033828139391611613,-0.002268193352399538,-0.0007510729766521333,-0.0009387513367321712,0.0021237085421281355,0.00014699192621124294,-0.0005301246378585511,-0.001810754887377625,0.0036878138676702255,0.0027364106094274372,-0.0004539747706719895,-0.0015425125461740932,-0.0007407665243124755,0.00030983126897374323,-2.5746171090006936e-05,-0.00292334991167409,-0.000702483380437118,0.00013979685265593363,0.00020901006176704225,-0.0032350730773507285,-0.0007479212789962585,-2.4302139991487077e-05,-0.001521746760116214,-0.00026308997550376245,0.0017846482869170316,-0.0014710846936778043,-0.0005072938065477689,0.0,-0.00017066811869472239,0.00047867950464103456,9.230939993560875e-06,0.0007318846513586824,-0.00010191663197780125,-4.002602834174635e-05,0.0014014227895366232,0.0002454389895599755,0.0007223525836691897,0.0013366368272524627,0.0006546471629206586,0.0006588033740682937,-2.8787880072297618e-05,0.0019938514491686966,0.0,0.0,0.0,0.0,0.0,0.0,0.0,0.00044259090659294793,-0.0004425909065927403,0.0,0.0
2017-01-18,2.341899662763382e-06,-0.003479460701235166,0.0037619340697320797,-0.0007737816859427437,0.0009746731507407348,0.001673506227145564,8.712237365504827e-05,-0.002175526354843085,0.002419808533386706,-0.0011474821526867276,0.00020322353335419882,-0.0015903588112203349,0.006565053120045721,-0.00023830960373882285,0.00030012114076015113,-0.0016034003372821495,-0.00023534608249490492,-8.116701522675836e-05,0.0005593583847040401,-0.005210517151806526,-0.00018195041995021108,0.00017537256421938554,0.00016477136898595605,-0.005251763382358263,-0.00046433918765683964,-0.00017065928266894555,-0.0016840263081436646,-6.234913154219571e-05,0.001083932879020969,-0.001131713785792557,-0.0009292560276924808,0.0,-0.0011305337318559784,0.0007412688454795751,0.0003686532398993193,0.000635995830474398,-0.0002436932783380189,0.00030425865991586215,0.0015804122795923068,-0.00029078828404993445,0.0005151117454297796,0.0020992651747853397,0.0005113194992745242,0.00032469810300578923,-0.0001706349066481023,0.001704959521162935,0.0,0.0,0.0,0.0,0.0,0.0,0.0,0.00024276094623020927,-0.00024276094623018924,0.0,0.0
2017-01-03,-2.8983714836713304e-06,-0.0014152244762917112,0.005220595589221641,-0.00315379488162689,0.0011348753813562595,0.0015410180097261907,-0.00015576256442480184,-0.002171721532247191,0.0013604076548852965,-0.002798194898030509,-0.00027774782104587794,1.0577018855379513e-05,5.744997371767408e-05,-0.001237662796496976,-0.0005187274573945273,9.439646547644098e-05,0.0006311030595033831,-0.00023624026930696264,-0.0005093286864762483,0.0008857013871916904,0.000882660252087089,5.5161013186141594e-05,8.179986424657664e-05,0.0003155088821549513,0.00039393529347148647,0.0001521262962697278,-0.0010066783783053272,0.0010279424316974374,-0.0006310050189487868,-0.0007681695937800531,-0.0013495023525536885,0.0,-0.0012628828827785695,0.0008775534259317577,0.0003948833148488816,0.0001753512258604808,-0.00043563295928457054,0.0002857035992204734,0.001489284072910429,-0.0009244235305036943,0.0001517593034266428,0.0015952086808602502,0.00022025360059632133,-7.529549171879516e-05,-0.0003183673584852446,0.001556063161158575,0.0,0.0,0.0,0.0,0.0,0.0,0.0,0.0,0.0,0.0,0.0
2016-12-16,0.0002661779690752315,-0.0017887489248457399,0.003414334043907684,-0.0019612754426849162,-0.00016973177516392296,0.0009979813458470808,0.00018355390654759793,-0.0010321316776580193,0.00020226079007430294,-0.0014990378426771398,9.859459964504642e-05,0.0008703458312506568,0.00025366581753141266,-0.0012255748858078727,-2.2034589802530273e-07,0.00042834191095082687,0.0009253933545853465,-0.00015200971358048264,6.664188428489734e-05,0.0005864927793252879,0.0010251747584679738,0.00016334492341791204,3.3378242707144217e-06,0.0004783538319416053,0.0007426937782395948,0.0002293675845139212,-0.0009030191300496518,0.0007066099749779671,-9.542036621594287e-05,-0.0008267849137830183,-0.0009530062852149931,-0.0005394779896178238,-0.001150596290542648,0.0009687068168373921,0.0007487087863200661,-0.001497441640274043,-0.0014016380261263745,-0.00043691026829793404,9.0840438511078e-05,-0.002605035071111862,-0.0012590141688550221,0.0015439931637207917,-0.0014775615193662803,-0.0011179175219460861,-0.0007014923412902936,0.0015692077388776693,0.0,0.0,0.0,0.0,0.0,0.0,0.0,0.0,0.0,0.0,0.0
2016-12-02,0.0026816108828345616,-0.006982811153659152,0.001662179330771275,-0.0007741746074659874,-0.0014013299203514769,0.0014744544704748382,0.002658822234355634,0.0011222080053286823,0.0026666833931909815,-0.0013765911773713252,0.0034109618020726484,-0.00021013273353158557,0.0009264241726639476,-0.0013806091372248557,0.003504148916124411,-0.001276637271004855,0.001555266757794124,-0.00018103254307878306,0.003627520044675699,0.0008668251028925136,0.0015936946576876208,-0.00024189757156350476,0.00015421919413631562,0.00031667340044614815,0.0017055230774273874,0.00015745014263258508,-0.001340674488747459,-0.000154235303347594,0.0006221371581261704,-0.00048324336644768194,-0.0021541924236214522,-0.0008356277789090381,-0.0007173239311454033,0.0013656237878398774,0.0006772100656128548,-0.00252948993072244,-0.0018592828239637582,-0.0008857673621955654,-0.0005846893527000047,-0.0033040699355861266,-0.001612022728921225,0.0,-0.0026191198031501597,-0.0017522190416169915,-0.0008345494060958269,0.0010904368048784629,0.0,0.0,0.0,0.0,0.0,0.0,0.0,0.0,0.0,0.0,0.0
2016-11-17,0.0023065019351379036,-0.006367583475625735,-0.00014828827290674614,-0.001701035706934793,0.0002883192878804542,0.0009304509139488763,0.0026073836615879836,0.002518778837325142,0.0033225293974711123,-0.0028239165542607177,0.0036051050767329086,-8.954970229768388e-05,0.0014373681213160118,-0.0014129253505065246,0.003796108986873538,-0.001726767508775761,0.0016587894578413223,-0.00010758017322013158,0.004194812815088973,0.0010041523720504839,0.001937870503840736,-0.0002665733624766226,0.00020052357086027385,0.00021314035752005749,0.0016714992640165613,-0.0003371249234344398,-0.0014441983843590594,-0.0009039849025396674,0.001553166770399318,-0.0004779478322552409,-0.002228026259468726,-0.0007292699017680388,-0.0007138694986435474,0.0017053278176993485,0.0,-0.0024030061540275005,-0.001772456725739846,-0.0009532195326707309,-0.00038610631441239764,-0.0029330078704953824,-0.001688665510429839,0.0,-0.002232244640633302,-0.0016152285504869354,-0.0007520828799257135,0.0008102206839034371,4.3870842643524115e-05,0.0,0.0,0.0,0.0,0.0,0.0,0.0,0.0,0.0,0.0
2016-11-03,0.0027142640699091493,-0.006081708999493779,0.00038268731526978867,-0.0012219704332426143,1.1356034489862143e-05,0.0018998416370207309,0.0026885255250029853,0.0015154658527293007,0.0021080148114939815,-0.003061037101550417,0.003557500062392211,2.6645665833111397e-05,0.001566507270592655,-0.0020034216440951306,0.0036959212381168136,-0.0009607080740082001,0.0013838375659730039,-0.0004608709175463803,0.0037690078775896078,0.0007974243821264616,0.0013958490251251127,-0.00036018113884456594,0.00030006108962716454,-7.631004142292803e-05,0.001487063803590665,-0.0005287501605292576,-0.0009380537491496137,-0.0002643165127526637,0.0003200754522340022,-8.551487601733618e-05,-0.0019389748162534168,-0.00037044131658677475,-0.0004136504528813391,0.0009009711063724203,0.0,-0.0024805611077554687,-0.0015813098250219168,-0.0010051066522851365,-0.0008899342418149707,-0.002832698859119341,-0.0017073195407813339,0.0,-0.0021704495746601767,-0.0016176074757257531,-0.0007304922015251651,0.00021518469712034194,0.00046413258800457,0.0,0.0,0.0,0.0,0.0,0.0,0.0,0.0,0.0,0.0
2016-10-20,0.0026388918472242157,-0.006680682240582485,0.0019875903271490804,-0.0017550454061604924,-0.0001336412890443383,0.0010295108070514257,0.0028161393991651897,0.0005995329937228413,0.002559583296776513,-0.0027137103119387962,0.003515780083863104,-0.00012537439406824463,0.0014099999508133986,-0.0013850064413487278,0.003613857352990348,-0.0009383711567744179,0.0014674838283216763,-0.00031458021370846126,0.00352452192684027,0.0009934643232880948,0.001497103791419927,-0.0003955558514199958,0.00015495042166249005,-0.00012850070986147926,0.001741775014835055,-0.0004314022241811626,-1.741166818661447e-05,0.00028205993838114945,-0.00024330078635709048,-0.00037024871826549195,-0.0019688564489181645,-0.00045980081329077794,-0.00014125185480829243,0.0,0.0,-0.0007286722560298211,-0.0005693838965281489,3.127100949124499e-06,0.00018320504059624322,-0.0012255963267807782,-0.0006304818052301453,0.0,-0.0006208837592804266,-0.0005595316526479897,-0.00023889500059667886,0.00025592144590747,0.0004884449276454343,0.0001327531436496857,0.0,0.0,0.0,0.0,0.0,0.0,0.0,0.0,0.0
2016-10-06,0.0025677268304795317,-0.00809565832433744,0.0016802586245571087,-0.0010046577261722566,-0.000188733469323112,0.0008999743866440855,0.0028798370645614873,0.00023974526909133068,0.0016613891871980959,-0.0015180005148202442,0.0036070256615170896,-2.104140592802935e-05,-0.00022490659734030033,-0.0007638059392259778,0.003940466019080956,-0.0007212812437072062,0.0010255935992580874,-0.000569335295417221,0.0040960746446048486,0.0013683491324433703,0.0007876209752662206,-0.0005741707734942592,0.0003265633028004441,0.00041773109464338993,0.001133100912103306,-0.0006172984750673562,-0.00015432387993309822,-0.00039700154376255166,0.0008460849963558449,-0.00039321117039857424,-0.0018184868610746144,-0.0006350783829210326,-0.0006071052522342846,0.0,0.0,-0.0007309717488687355,-0.0007214108143926498,-2.8578919996699193e-06,0.0004394805372475194,-0.000720822432170205,-0.0004609416330212099,0.0,-0.00016982092318618594,-0.00021550302112144848,-0.0002701730694476061,0.00043307343213971027,0.00033712911548704774,0.0006113497329804232,0.0,0.0,0.0,0.0,0.0,0.0,0.0,0.0,0.0
2016-09-22,0.0033665028970178926,-0.007527295662766395,0.002067945974924121,-0.0038073154726003303,0.003132178088474948,0.0010260217775352701,0.0034908783438736147,-0.000125828358288024,0.002276934102612159,-0.004108848406377239,0.0041276510507173274,-2.031130209792735e-05,-0.00013431290218172422,-0.0004958451826805901,0.004222091652033153,-0.0012349063198031224,0.0007758773588398056,-0.000665764640899786,0.004078152214861989,0.0019041249967807754,0.0004002830741391708,-0.0005446986187008927,0.00043145567281995575,0.0002779138431701153,0.0007941615288942658,-0.0009320993744920712,-0.00012130309410267864,0.0006320673388284741,-0.0005729747837877631,-0.0005522266554655036,-0.0022588732014028412,-0.001118887472962554,0.0,0.0,0.0,-0.00018585799902607182,-0.00037784206146764443,-0.0001179788218953675,0.0004907160121097414,1.2351974879496175e-05,-7.988876064472278e-05,0.0,0.0005106500906436524,0.00031481255933089674,-9.692888464557423e-05,0.001461946743291521,-0.0002144039405606981,0.0007500152446192438,0.0007267132902166167,0.0,0.0,0.0,0.0,0.0,0.0,0.0,0.0
2016-09-08,0.0033349288372839774,-0.005368991892463931,0.001038930720086979,-0.0026165265247085566,0.0015215723479680855,0.00022122182791817666,0.003193011756226463,0.0001567331153828265,0.001226691219492176,-0.0023089481313823745,0.003618243481397378,0.00023173614286487183,-0.00014540364250722397,-0.00015596217003988053,0.003560907127158956,-0.0006580380244352797,0.0008061900792752292,-0.0009381878655303421,0.00269846305470923,0.0014899706451635755,-2.5676402739819907e-05,-0.00035172208335741397,0.00017825924178007822,0.0002666931657449972,0.00020034720872330237,-0.0008237034450728918,0.0009289555828383743,0.0016076256987755187,-0.001386411802463313,-0.00017093923389978233,-0.0018950650703882382,-0.001111153006991858,0.0,0.0,0.0,-0.000857200229451587,-0.0005656492930137672,-0.00036112313212813946,3.986875072041437e-05,-0.0005062243323742205,-0.0006121251774973257,-0.00011278619450208058,4.065263994932366e-05,9.500902968946699e-05,-0.00014209527957862993,0.0010336903497055855,1.9625399015350782e-05,0.0007440744686649553,-0.00021112641926594915,0.0,0.0,0.0,0.0,0.0,0.0,0.0,0.0
2016-08-24,-0.005721904172568646,0.003155770714321971,0.008293412376889193,-0.0013255790854059403,0.0015274735691820183,-0.0013247133089979196,-0.0054932980521410655,-0.005632978978330738,5.030113025432796e-05,-0.0001424295364428651,-0.005141777084838338,0.00041835466539867546,-0.0009028114781423136,0.0009655516997458055,-0.004401286844568079,8.957207324073307e-05,-0.00019785177837790315,-0.00042148483220990057,-0.003759721866521471,0.0017184203161515212,-0.0006200307875912413,0.0006330867134795975,0.0004353813829569517,0.00029576705196986206,7.679013528268969e-05,-2.31333493922722e-05,-0.0005387772333008431,-0.0002063869316289445,0.0027016038778353044,-0.00030249518462930816,-0.0006757568197378441,0.0,0.0,0.0,0.0,-0.0009907176232102268,-0.0005450004156644825,-0.0004917182595427995,-0.00032122307640680036,-0.0005680104126554064,-0.0007161134776627979,3.2842015559596385e-05,-0.00020265687763402462,-0.00011256721176584044,0.00017782157793878604,0.001094041221901055,-0.00024005884159107948,0.0006974332899105118,-0.0005315136132125729,0.0001444090422479007,0.0,0.0,0.0,0.0,0.0,0.0,0.0
2016-08-10,-0.005832526051454129,0.003973104929050456,0.004892481080815528,-0.0005253201414317817,0.0011808989132297838,-0.001816857076003683,-0.005465842423208791,-0.0038645245344330944,-0.0004055654725849658,0.0006970865981671882,-0.0051812928727553165,6.992752109897602e-05,-0.0013245335334690555,0.0017160968742220243,-0.0042367118954918905,-0.0003646654560832057,-0.00012548257954780732,-0.00010273590721817765,-0.003364213921826317,0.0015250322219584652,-0.0006135326164352766,0.0006913646913575384,0.00035790339792271314,0.0008006017775634053,-0.00019649375655530747,0.0002496373922718013,-0.0006798690998195245,-0.0007280721120580193,0.003539930373574324,-0.0005010249061033421,-0.0003586484301063658,0.0,0.0,0.0,0.0,-0.0014648237544396862,-0.0009215704497150143,-0.0008026295289482864,-0.0006966609430882576,-0.0010535285352627896,-0.0013268614346133517,0.0002938462033408846,-0.0005300711255625351,-0.0003309515825381244,-1.8258025213389333e-05,0.001405461708528653,6.161106672657788e-05,0.0005971535339342154,-0.0007157043406125627,0.00010636298856690461,0.0,0.0,0.0,0.0,0.0,0.0,0.0
2016-07-27,-0.0065794011029169375,0.004068540965011852,0.005718971311820434,-0.00044565816179393137,0.00015766136219855028,-0.0005421037593084947,-0.005950191399419462,-0.004133789084221003,-0.0011597687032102175,-0.0005255219058990148,-0.0054196263578515135,0.0008343455855746695,-0.0002703736266532406,0.00033219362387285095,-0.004591697539551394,0.00016626042922591677,0.00043367770542048867,0.00027312863873327843,-0.0035743293220720264,0.0015418825835499896,-0.00027451255443995,0.0005370817638069109,0.00032496866636256395,0.0009845572908781567,8.021108575383612e-07,0.00041999692968181727,-0.0011174209915385356,-0.0016560425062690678,0.0037639373438663895,-0.0002693612339701275,-0.00036515051049625796,0.0,0.0,0.0,0.0,-0.0017225367336569707,-0.0011177891582101194,-0.0011628906479377126,-0.001146621515752438,-0.001351124405309708,-0.0018262219623823592,9.578941321921132e-05,-0.0011481478188864285,-0.0006203363210150122,0.0005240501602137476,0.0010637260092564026,0.0,0.0009388148419263339,-0.0004811185807487638,2.647430598917249e-05,-0.0009475963352935085,0.0,0.0,0.0,0.0,0.0,0.0
2016-07-13,-0.005029942636077536,0.002684829987338339,0.007345737776326384,-0.00022111930538835087,-0.0006208280352674336,0.0014622013422516417,-0.004584066910557381,-0.005530062897016817,-0.0016052823499885173,-0.0004794775049609753,-0.004292911498443675,0.001016619548479615,-0.000500581185886117,-0.001143607357827218,-0.003866229856941521,0.0004392418807862532,-0.00016863266281453415,0.0007886441735786465,-0.0034098501734465,0.0014594254336751237,-0.000545507186247145,0.0007420692563295631,0.0005470085170971078,0.0008201725522026315,0.0002599688805359709,0.0005530196601828747,-0.001487917768030798,-0.00012386087926638523,0.001967420727616444,-0.00045931557811360117,-0.0003989461605024378,0.0,0.0,0.0,0.0,-0.002086601216865961,-0.0009941299260563688,-0.0009463995572264904,-0.0013358236456732515,-0.0016090343201399866,-0.0018783624280496812,8.283064581184415e-05,-0.0016772741161917206,-0.0009442931369685191,0.0005590449679362729,0.00095403090020575,0.0,0.0013183417473885775,-0.0005300624481564451,0.00014631723448287341,-0.000573737056289812,0.0,0.0,0.0,0.0,0.0,0.0
2016-06-28,-0.0031873906338465326,0.002357485696705347,0.007337727227881826,0.0006412883547660395,-0.0009915177781623027,0.0019076795674227934,-0.003283483797521033,-0.00543403975416176,-0.002284037984501955,0.00011633998306883074,-0.003177887206477125,0.0009208360757360903,-0.0018368659593029218,-0.0017826610160000624,-0.0032783999620983073,0.000939604188554138,-0.0008384793719130357,0.0010925068556286509,-0.0032952178608682044,0.001625236407085716,-0.0005973895126899728,0.0005042028798210277,0.0002731344631348151,0.0022354582154016085,0.0003301483415182568,0.0008109484368362937,-0.0012044310080144337,0.002156770534186523,-0.00042273244867739834,-0.0005488911532533843,-0.0007673964183520758,0.0,0.0,0.0,0.0,-0.0016452265977381557,-0.0007103953210057937,-9.126376016878656e-05,-0.0009865222848396621,-0.001001352660035433,-0.0015386186227226589,0.00020233471892180902,-0.001330193001362526,-0.0006755240645807476,0.0006256666264578386,0.0004838317910298249,0.0,0.0,-0.0007105030737459367,0.0004097094984457498,0.00025364481096643493,8.985642485804473e-05,0.0,0.0,0.0,0.0,0.0
2016-06-14,-0.0037973793911780305,0.002148399657718024,0.007467586578759554,0.0012337992469627233,-0.0013051657311971983,0.0011504552828487133,-0.003755903934201059,-0.005534808535638853,-0.002103325162536611,0.0004868765264177736,-0.003541860930508243,0.0004730404735722559,-0.0016396342385030871,-0.0010528357080959293,-0.003446090135324435,0.001255722975019607,-0.0006015633560676407,0.0011942526603116808,-0.003217196599725951,0.0019121172652902894,-0.00017040882473701204,0.00032686621361695717,0.00011355456216927195,0.002288490329310597,0.0005000090021237562,0.0005973811203932084,-0.001117617614279304,0.000903408260095555,0.0005832593814225394,-0.0008305241603462893,-0.0007984200480216816,0.0,0.0,0.0,0.0,-0.0013115422114599305,-0.0006867265035070859,-0.00016189869120500355,-0.0007978280314476174,-0.0008572424709394058,-0.001442617879654359,0.00029323733365759657,-0.0011205955558465138,-0.0007026094138368286,0.0002798605266416627,0.0005123525825817082,0.0,0.0,-0.0010540237852976185,0.00019052442002961644,0.0003329152370778573,0.0003191010896059007,0.0,0.0,0.0,0.0,0.0
2016-05-31,-0.00277275259036708,0.0019863253954299368,0.00891301876541016,0.0027705688296100466,-0.0014848834819046288,0.0014235434318325135,-0.0032547342768990085,-0.008078128577711993,-0.0029957103273275977,0.0002663827879504658,-0.003558567076171385,-3.7917585852283355e-05,-0.0014210434383287475,-0.0015326998873980526,-0.0038178387249397415,0.0010188887553011622,-0.00020346951859040875,0.0012180731439646324,-0.0039695860679932644,0.001247127530273536,0.00021447529888416245,-0.0003817806950781073,2.8244021379099557e-05,0.0019817729573821576,0.000742923020131947,0.0003764332045726456,-0.0008346440902394198,0.002341093120119042,-0.0008753412273757511,-0.0009112224131532256,-0.000858256407965325,0.0,0.0,0.0,0.0,-0.001140577885901874,-0.0006342644127226981,-2.9014828301155397e-05,-0.0006187836124490503,-0.0008113653803686984,-0.0011190227841320574,0.0015654962747790233,-0.0007927968655438831,-0.0006275283144879694,-2.5722677912375993e-07,0.0013224660156404744,0.0,0.0,0.0,-0.0005426578616357361,-0.00012147609345231532,0.0006447562673285839,0.0,0.0,0.0,0.0,0.0
2016-05-16,-0.0002706646823527497,0.0010559992349071855,-0.0009205836217892611,0.0009655172625206155,0.0015336224230433676,-0.0007409921750317016,-0.00024367021050085053,0.00012231955666062384,-0.004660093124415967,-0.0014248816368798761,-0.00023274190622973157,0.0017964613127106814,-0.0013363749579235246,-8.020201062719174e-05,-0.0005741587244221582,0.0030893104200949836,-0.0004130219362315703,0.0007507673218859755,-0.0005701027028207885,0.0015088416208941808,0.000315641451014702,-0.00033431844074002245,-7.535887397621064e-05,0.0018047937476123712,0.0009554626496514348,0.00035721705239779444,-0.0004627850139314547,0.0006497273682568618,-0.0007113800475044183,-0.0008000432845487066,-0.000991354872180273,0.0,0.0,0.0,0.0,-0.002225985147798001,-0.0011003910378661133,-0.0003841554213433531,-0.0013204050431751386,-0.0019167428473849356,-0.00135014152608311,0.0017786293930471947,-0.0016340354095552099,-0.0010758140831172139,-7.824500880602287e-05,0.0015902989169021397,0.0,0.0,0.0,-0.0010610811735012348,-0.00025370672361288524,0.00017031785465148206,0.0011414088666336466,0.0,0.0,0.0,0.0
2016-05-02,-0.0006950382674373641,0.0009531020405304892,-0.0006852773778069209,-0.0002375121115674538,0.004855614158744112,-0.001715266433945446,-0.001140924405609512,-0.0003740043706562172,-0.00228898147273372,-0.004612977856508805,-0.0010017025617554134,0.00023607396223776904,-0.0018410356384716282,-0.000332222358907992,-0.0011154350473865661,0.001723970494424785,0.00020848078419503569,0.00023756758615728192,-0.001034704394387047,0.0019458998874083552,0.0009419654198098384,-3.955801502037931e-05,-0.0001248060186288858,0.0018677380069031376,0.0016162638843319108,0.0006674177273149549,-0.00044833852083959097,0.00012725885193974837,-0.0003817173571156449,-0.0006128352056339036,-0.0010769609906152177,0.0,0.0,0.0,0.0,-0.003921017205903439,-0.0019048618368846843,-0.0016843087261172404,-0.0028509429889532166,-0.003366319883147793,-0.002080764314836121,0.0019293634359427965,-0.002950547016617437,-0.0017568931067939984,-0.0005209562077000725,0.0019073234706932294,0.0,0.0,0.0,0.0,-0.0002568042076238945,-8.859989448919246e-05,0.00034952240217344885,0.0,0.0,0.0,0.0
2016-04-18,-0.0013047921138650256,0.0004931817306622829,-0.0003212903714787034,-0.0002519708370033325,0.0038747584517189646,-0.003998739086189607,-0.0015433374014490857,-0.0014595743399454905,-0.003476934667060032,-0.002992163063665384,-0.0015659803072885366,0.0005692047318853022,-0.003023957008275775,0.0011961246364215153,-0.0015731751247477141,0.0023824691528105345,-2.7775401998333706e-06,-0.00017258683472277508,-0.0012935671384039274,0.0018540719294967492,0.0006640829203046263,2.924918137198893e-05,-0.00045921096368296594,0.0025997401876318438,0.000926221440076631,0.0006135714033313248,0.0009365624078326474,0.00021536281718067982,-8.495977173968326e-05,-0.000565094840472843,0.00021138221989227076,0.0,0.0,0.0,0.0,-0.005651030324563763,-0.0030547211411873034,-0.0032787560116501967,-0.004717215824230623,-0.005291078843627114,-0.00352760024575516,0.0019499619855579081,-0.00437567051433125,-0.0026724509249714088,-0.000472772303370234,0.002462392835745556,0.0,0.0,0.0,0.0,0.0013040718941984158,0.0006608491701289729,0.000861704099468141,0.0,0.0,0.0,0.0
2016-04-04,-0.0017481326492563847,-0.001260605591011915,0.0005027902337239928,-0.001430927462734887,0.005409067943161685,-0.004391286274540479,-0.0016896223318304275,-0.002076270650702064,-0.0037426059817990743,-0.004637841113577584,-0.0013053816383924244,0.0014919380124191561,-0.004719095276963907,0.0008519090983349014,-0.0011439314897312696,0.002955622807405672,0.0008502693694474888,-0.00019788270333117013,-0.0005861877568809678,0.0031800055090605004,0.0010148142818352072,-0.00020951470432205662,-0.00040387477722395406,0.0034831532251948984,0.000556368473080352,0.0007952780738174987,0.001216783324234618,-0.0010767110929797857,0.0007794285432399186,0.0010563175763242658,-0.00011713479188064239,0.0,0.0,0.0,-0.0003882291814176604,-0.004607155225406608,-0.0023776071477292432,-0.003577573050319219,-0.004508113212075209,-0.0039413143587196196,-0.002977208309916297,0.002278165740958721,-0.003419634364209038,-0.0016699804071648751,-0.0014139232565517257,0.0008090326796356716,0.0,0.0,0.0,0.0,0.0003992869625683009,0.0024397211084394906,0.0020294439840355103,0.0003882291814182241,0.0,-0.00038822918141775715,0.0
2016-03-18,-0.0020483424775569587,-0.0005508764924346632,0.0003624509362152198,-0.002545403323704965,0.006533304848237606,-0.0038950829950479154,-0.0019760717131786904,-0.001302190965164274,-0.0020705484547937016,-0.006452880311244697,-0.0014274848091753972,0.0012055359582018215,-0.0029875196975127885,-0.001060674070535836,-0.0012755042502682013,0.0022764783788384096,0.0016601000000841142,-0.00015923410358863787,-0.0006819860156983646,0.0022852070316870783,0.0020951883151447393,-0.0002443428192103746,-0.0005019540104206957,0.0026702097580304555,0.0009786085534377012,0.0004021013582863612,-0.00027920367878825884,-0.0015203380744248966,0.0012286533621340937,0.0016406339976022348,0.0004941203582692329,0.0,0.0,0.0,9.166393823852499e-05,-0.006108039462995099,-0.0029846968216626505,-0.004592758782765953,-0.005438834977335478,-0.0053419900657899755,-0.0038935515677154713,0.0021497726452084946,-0.004643442329750008,-0.002423331322080009,-0.0021341092893016906,0.0003547235465851275,0.0,0.0,0.0,0.0,0.0,0.0020739740161499487,0.001803441200045006,-9.166393823828822e-05,0.0,9.166393823844399e-05,0.0
2016-03-04,-0.0012944606119039824,-0.0012175746975572855,9.467646973623798e-05,-0.0011909963555939292,0.004413704715671285,-0.004151606179833214,-0.0013212516604712097,-0.001347683905952478,-0.0010651337367980737,-0.004614084473484844,-0.0008184497430027744,0.0008517972947351124,-0.0006237808210527666,-0.0018595403896399586,-0.0006185593519967066,0.0018244292102111415,0.0017793999874654667,-0.0003031929385727192,-0.00015077386553468902,0.000904702276051198,0.0018191413766837357,-0.0003799464493964007,-0.00029239760526161146,0.0005974559712203258,0.001066290383212064,0.0005745606640139739,0.00046513857960656313,-0.0010826335763855638,0.000789884517285432,0.0019296292016856523,0.00046363964288201375,0.0,0.0,0.0,0.00012775417257309898,-0.004685496542692039,-0.0021827265578647777,-0.004015123231181449,-0.004402470672861755,-0.004142094416744455,-0.0030769419651306617,0.0013543839875760936,-0.0034852357080452662,-0.0017592637202980506,-0.0023513599690527668,-0.0006692183521452967,0.0,0.0,0.0,0.0,0.0,0.0007573772856824946,0.001538271295931011,-0.00012775417257304212,0.0,0.0001277541725734798,0.0
2016-02-19,0.0024380385617814426,-0.008579056895038685,0.0017455572649933842,-0.0018082942195683693,0.0036553856113993428,-0.002981830776534843,0.0022118370238223806,-0.0024680329624569316,0.001002200600742717,-0.0041924119294138185,0.002745070523765032,-6.965283824939775e-05,0.0006667024360885816,-0.0015318107043506097,0.0031564677929840396,0.0002854603618443952,0.0018393756376807863,-0.00025635776917731263,0.0028472114954633445,-0.0003715037064333188,0.001176505601239712,-0.00029278690404227156,-0.00029611779899093844,-0.0003106515024559896,0.0005199077152955948,6.867973421031963e-05,0.0002971774620091876,-0.0002915332202671807,0.00026934349345781173,0.0020064745364736115,0.0007198517857655342,0.0,0.0,0.0006733048285027958,-0.00017863905840575308,-3.234360924084791e-05,0.00035717926767240145,-0.0011182429878723139,-0.0010244266052352234,-2.669665417255506e-05,-0.00010220114112228429,0.0004349705495054071,0.00015319862990645976,0.0006678409168886358,-0.001501108698919786,-0.0015683431761641666,0.0,0.0,0.0,0.0,0.0,0.0,0.0005218548402554258,-0.0002965198824918249,0.0,0.00029651988249192673,0.0
2016-02-04,0.001209808583908662,-0.007606867019735282,0.0033472496451305103,-0.0003594823861378161,0.00033626976251254,-0.002232551144855966,0.0013585424602267518,-0.003305281583349669,-0.0005952395687325297,-0.00162582610141792,0.0017725538569506548,0.0006805086644978743,0.0007421322064762373,-0.0011936628175051689,0.002053088181684791,0.0008388733307870858,0.001552192591061873,0.0003608289939671228,0.0022955636922798537,-0.00164916666593529,0.0005551301419273417,-0.00043979806099853454,-0.0002185742378910371,-0.0003042460002763432,0.00035439564319570137,-4.568936531555561e-05,0.0001554039078139302,-0.0006607385213193963,0.000661353288209497,0.001865035717453147,0.0014700761013007255,0.0,0.0,0.0005367645706621135,-0.00017926057984954518,0.0029671500442950676,0.0019590780748643104,0.0010747309518051287,0.0017944618952940293,0.0029210833808189203,0.002294592042332034,0.0006255975925282604,0.0027565852166250206,0.002299320025711179,-0.000833237113315338,-0.002573875132940948,0.0,0.0,0.0,0.0,0.0,0.0,-0.0014640484834467608,-0.00033493827136122967,0.0,0.00033493827136150657,0.0
2016-01-21,-0.00046141020972853796,-0.0032028489029565827,0.0035135942799623793,-0.0011136570756976475,-0.0017633192550206575,0.0001275477745359095,-0.000702997605545124,-0.0026305790344276696,-0.0007454824406690229,-0.0006600026965629377,-0.00030719763664482745,0.001379282129423347,0.004309030815872918,-0.002029678891904244,4.469117283703428e-05,0.0011216673878355148,0.0011480581908042031,0.0003634223437878648,-0.0003369497397174167,-0.004204040106746562,0.0006845485336868155,-0.000462191257579853,-0.00045090594574536655,-0.0033168104240564682,0.0003298983532069501,0.00013287567502842142,0.0010510546063707746,0.0005966071575803022,7.909542158770957e-05,0.0011332236856623854,0.00013664233939470383,0.0,0.0010785937644672975,0.0004939261246168417,-0.0004890213793184232,0.005036430637343051,0.0027937784776149053,0.0020561281301296904,0.003107650309891521,0.004658990719440847,0.003449167725085362,0.0,0.004148785741312561,0.002857334210644856,-0.0016558898203538456,-0.002045700877658841,0.0,0.0,0.0,0.0,0.0,0.0,0.0,-0.0009605198631539157,0.0,0.0009605198631544105,0.0
2016-01-06,0.00031638634072043206,-0.001605323286025026,0.0006779669055904123,5.5713270247753985e-05,-0.0001601218483711211,0.0009647406456098881,0.0002728241828394141,-0.00035025979644141695,0.0008335071167208433,-0.0018480369990785334,0.0003242593958536877,-0.0007604525938511361,0.0030234091868912203,-0.002523343867908626,0.0005476765756908786,-0.0003162344669528761,0.0014059204009540137,-0.00016096940224499755,0.0003183447387561819,-0.0024991719122798334,0.0009483948371892041,-4.848547086163654e-05,-0.00017800186068691088,-0.0017575148157328744,0.0009282686630200447,0.00019330196306561526,-0.0007023044621974705,0.0006454181206693484,-0.0006217763801311864,0.000931013461930708,-0.00026756547264573927,0.0,0.0015712211263088343,-7.300304493503167e-05,-0.0010900394415016207,0.00868666619126325,0.0048319628106823775,0.004926329281185186,0.0059976429723746704,0.0077927733536849175,0.006371785404181829,0.0,0.007410768206226437,0.004576034377076171,0.00018470550912139667,-0.001325711509466207,0.0,0.0,0.0,0.0,0.0,0.0,0.0,-0.0009750858592449037,0.0,0.0009750858592446581,0.0
2015-12-21,-0.000528084007133396,0.0021500310637322063,-0.00019550040719437914,-2.5431899297832424e-05,-0.001058301559527462,0.0005420631821908944,-0.0005788405213771,0.00011591395369092116,0.00017782017685452332,-7.732869553054355e-05,-0.0005450641564691967,-9.526416003992497e-05,0.0014743952261311365,-0.0013873645149669002,-0.000779018077333145,2.1664864364982733e-06,0.0004410940781558349,-0.00011918613142491658,-0.0012952500447162695,-0.000873066222482508,-7.319584185712646e-05,-0.0004348099524364851,-0.0003650751615567174,-0.0016883523273365786,9.5267144132702e-05,0.00041240399867429185,-0.0004112353037405308,0.0005271149207375203,-0.0009919333194554245,0.0006497650898931931,-0.00046870173701445486,0.0005680398413764914,0.0012682711017746467,-0.0006805689123892204,-0.0011299331316759738,0.004706429694533102,0.002606740564526456,0.002615906328541459,0.003049586240595592,0.003694557466616351,0.0033891475386186084,0.0,0.00411190034272734,0.0023254999799426595,-0.0007653659524919443,0.0005407163962153626,0.0,0.0,0.0,0.0,0.0,0.0,0.0,0.0,0.0,0.0,0.0
2015-12-07,-0.0005697698702941289,0.0025086918270118444,5.58617437492552e-05,-0.00032912736213307973,-0.0014213129194757775,0.0022635987906661943,-0.0005944950149533521,0.00011808191438146273,-5.189375936282499e-06,-0.0012251936014715046,-0.0009222171046334317,-3.660411228162951e-05,0.0021639414932143387,-0.001188706452121458,-0.0013107612569459024,0.0009732631080787632,0.0006719324627517318,0.0001798316437845875,-0.0014044701184847282,-0.0008143402338388641,-0.0009568178086780613,-9.475546636720248e-05,-0.0002649775380620385,-0.001408508528415457,6.868064657492602e-05,0.00033556363925393005,-0.0008267502929627142,0.0005578987869284843,-0.0010201818122606168,0.0003644086429569554,-0.0009454191846492545,-0.0003765294181229128,0.001388085106950298,-0.000530935314683909,-0.0010297350342725986,0.004430788738908607,0.002206738551993519,0.002568061436514611,0.0027076731450548556,0.003514262165228928,0.003312476086032845,0.0,0.003940436107720622,0.002089208067043958,-0.000570627262314869,0.0004178237153007803,0.0,0.0,0.0,0.0,0.0,0.0,0.0,0.0,0.0,0.0,0.0
2015-11-20,-0.00019293434080527164,0.0027683968630691463,-0.0004082097349537316,0.00023558932596656567,-0.001781948607781515,0.0005645034515249684,-0.0006884405030586044,9.99458491384257e-05,-0.0008207523736444325,-0.00021519490527149713,-0.0011043700980002454,4.517558039463513e-05,0.00240158765339913,-0.0005650414779564652,-0.001275732633127805,0.001122288272065899,0.0004473502244043713,0.0003667176888652532,-0.0013218036093645108,-0.0011852756431309202,-0.0008461020833658031,1.921834702071277e-05,-0.0001967075357594045,-0.0013449243545166306,0.0005985697971006213,0.0002605919308392356,-0.0008016434966875739,0.001393367228632903,-0.0015171774275430723,-0.00014804774834631173,-3.987238524353666e-05,-0.000514114666154956,0.0011842446422076019,-0.0005719717416624582,0.0,0.0021557909474645377,0.0009903863050231606,0.0014613020259931935,0.000998468441497206,0.001491901909598159,0.0017257595733596125,0.0,0.001977907308945655,0.0008947747238112385,-0.0010711549108073843,0.00124982103405347,-0.00029937000797372913,0.0,0.0,0.0,0.0,0.0,0.0,0.0,0.0,0.0,0.0
2015-11-06,-0.0005638697010917425,0.0017629337363508338,0.00023205603022601032,-0.00041151457651889087,0.004064298957006424,-0.003461352679067323,-0.001118472984805028,0.00031535964088721144,-0.00011311407138244385,-0.0005366623754745196,-0.0012934735078316494,-0.00031193364386912314,0.002872634228916602,0.0025493425305772436,-0.0012627433527592474,0.00015770079505946272,-9.238455273458841e-05,0.0005706643744857465,-0.0011482182656166748,-0.0024946096089116187,-0.0016145497702492978,-0.00023195824281064035,-0.0005653449107662121,-0.0022330022763685006,-5.828935064252811e-05,0.0001526805713966904,-0.001067281780535192,0.0016470430964471963,-0.00017187174146302196,0.000796280885813299,-0.0010569119771579305,5.806519679543893e-05,0.002219566132260879,7.24762642883726e-05,0.0,0.0019210385106292213,0.0011346957774356658,0.0011447063606100352,0.0008074553562732508,0.0009116609047146045,0.0013924832724385209,0.0,0.0016400001776713114,0.0009751614483357772,-0.0010329113415470425,-0.0002185444307123168,-0.0025463454418842486,0.0,0.0,0.0,0.0,0.0,0.0,0.0,0.0,0.0,0.0
2015-10-23,0.0008130933416465747,0.0045509413033134214,0.0035762273514193723,8.273823927144725e-05,0.0034111636520361664,-0.0038800028425377765,-0.0007437021367195481,-0.002426632956260237,-0.00034956232558234205,-0.00019476350117231855,-0.0015564454334200198,-5.719447080576518e-05,0.00318273476528514,0.002848965012323403,-0.002601805359641684,0.0010120531292777887,0.0004345451735670013,0.0002875100484980461,-0.0031934331497987835,-0.0020633846244212557,-0.0014952766372204084,-4.679506680156768e-05,-0.0003233873125472929,-0.002210105858885297,-0.00011874290352096126,0.0003821122773914955,-0.002006418721963482,0.004879358904794812,-0.0031984996440406364,0.0005229069639486337,-0.00021987518580988226,0.00022568556439501726,0.0021750582197809123,0.0,0.0,0.0006617295657321097,0.000759708271422017,0.0002208684569646899,-0.00024191991133682924,-0.0001790298290043876,0.00021778601457494054,0.0,0.00044159311552901745,0.00032407486348020437,-0.001193341483039281,-0.0004076660921255358,-0.0021887037590113266,-0.00010115691339855009,0.0,0.0,0.0,0.0,0.0,0.0,0.0,0.0,0.0
2015-10-09,0.0009677506721689883,0.004963949891716616,0.003439393488147414,-0.0006965553673947119,0.005019282850536112,-0.004111739548606061,-0.0006901806493930627,-0.002498675049245648,-0.0028324332426376267,-0.0009994053458650938,-0.001623823973116321,0.0019497344780047992,0.0011052487797223226,0.003307631795651942,-0.0028587717605054732,0.002265195162289481,0.00027100147989642733,0.00016201321112457471,-0.003509516762744136,-0.0009081049188951004,-0.001820368354452051,0.00013099786430186713,-0.00046908983131691977,-0.0011209727021470022,-0.00035069619556409064,0.0004937924819327992,-0.001511094169196311,0.005815342566812631,-0.003550184870070384,0.0001673265508702104,-0.0004941898030605157,0.0005097296834615403,0.0020307729398677055,0.0,0.0,0.0015283162734297643,0.0011397654647419435,0.00044881011860901834,0.0003986699413220686,0.0004734112845477613,0.0006521605399406961,0.0,0.0010208166461666878,0.0006808021848341641,-0.0005565417909199362,-0.001070264252390091,-0.0019473125125144316,0.00019343852326634327,0.0,0.0,0.0,0.0,0.0,0.0,0.0,0.0,0.0
2015-09-25,-0.00033398361624494054,0.003177409014595091,0.002546937191098954,0.00014194254667018307,0.0047896225766554685,-0.0017217216552886908,-0.0013871327388427016,-0.0028495612272768497,0.0028289657384926482,-0.001431380685660542,-0.001647589934129904,-0.003716935241004944,0.0010980338703434126,0.0021041281508586136,-0.002274046742300674,-0.0033534053629962605,-0.00032210934389749604,0.0006354447470762062,-0.0025890787023387725,-0.002487087271314185,-0.0016826713148409631,0.0008362539750945601,2.2854982155633354e-05,-0.0006763436340321234,-0.00022654180515910966,0.0005629013276948663,-0.0009690796166946163,0.0034661682429918583,-0.0022404251365804972,0.0008344329836755527,-0.00120022117232877,-0.00043675230793353956,0.0,0.0,0.0,0.0033622135602766963,0.002075221309227109,0.0012438521118811796,0.0017581493999593199,0.002319375500623292,0.001893098300010725,0.0,0.0023573354989559923,0.0016195880266665998,1.205498156072754e-05,-0.0018780812168026765,-0.001102588574516577,0.0014839424500138196,3.886484095014362e-05,0.0,0.0,0.0,0.0,0.0,0.0,0.0,0.0
2015-09-11,-0.0011739059859450468,0.005624662901607539,0.004739917263333914,0.0025651286777379463,0.0003593367707454099,-0.002149129551871733,-0.002514266574243963,-0.0038698378276625684,0.002816407682914715,0.001641581694796833,-0.0031964167731468466,-0.002439682898355514,-0.002727023421192086,0.002044639792326887,-0.003761473152854123,-0.0030264823369890895,-0.0003463115093114321,0.001067720532452232,-0.004548734903882833,7.080088053329203e-05,-0.0018003818807883886,0.001139198284994969,-0.00039363760662630503,0.0014563321757739818,-0.0009337164492743814,0.0010271241686051458,-0.0003185486248304489,0.005007345809271806,-0.0030323395611780543,0.0001831487950452687,-0.0008190991876439628,0.0009584654843475736,0.0,0.0,0.0,0.0019184562314852045,0.0016754571172965034,0.00025129206616521086,0.001179081018964579,0.0016765783947263028,0.0009071622021468525,0.0,0.001300976928090581,0.0011914918508168777,0.0001231763034599469,-0.0014355660799814614,-0.0016958991323931358,0.0007887197626353682,0.00030728668700601695,0.0,0.0,0.0,0.0,0.0,0.0,0.0,0.0
2015-08-27,-0.002088678937532669,0.007146913721660374,0.006045624152402966,0.0015752700686594008,-0.0005366607753976379,-0.0007365833359235668,-0.003396706219029236,-0.004704728773412649,0.004315510068248163,0.0013177588662649671,-0.0039831433480655145,-0.0033478929196210593,-0.002356677480778718,0.0012479107397023856,-0.004956365779703144,-0.003827670780295757,0.00034708221347043926,0.000996122142377406,-0.005405842662794996,-0.0002847093272747231,-0.0013222479382742351,0.0013055876512045386,-0.00021590754977932817,0.0010194066357193596,-0.000914414563744161,0.0008815316308338587,0.00014802720301571105,0.0053762649687124206,-0.0031441151000307136,0.0001743084377243505,-0.00047596615612393326,0.0,0.0,0.0,0.0,0.007163602838798451,0.004554114210387751,0.004230376042893851,0.0055774628341109765,0.007071544257781112,0.005105252071260103,0.0,0.00674123445220581,0.004339872940030755,0.002041718278741637,-0.0018948212829867775,-0.0015787634738581187,0.0010108716196443848,0.000503861281989287,-3.5067408975589866e-05,0.0,0.0,0.0,0.0,0.0,0.0,0.0
2015-08-13,-0.0010385252700556107,0.0013567041833193567,0.004918691125457422,0.0022134166078030004,-0.003174664001872638,0.0025026516521338815,-0.0015778178550499373,-0.004802273846744501,0.002615159298474848,0.0023424116932420666,-0.0017817194101428368,-0.0027085457903184406,-0.002507331670840285,-0.0007399651750738801,-0.0024592247268105,-0.002717562995487558,-8.391811382451187e-05,0.0005813437044418193,-0.0028091447992422674,0.0011313715093614765,-0.0012337453510256103,0.0009328402270781867,-7.06097191366032e-05,0.0011791851499137055,-0.0008005187216415119,0.0008704853586254247,-0.0006173383028599468,0.0013841352726328647,-0.0014810625982461568,-0.00041106374435652957,-7.021694928923875e-05,0.0,0.0,0.0,0.0,0.006870281437386573,0.004262055318075102,0.004136336738862744,0.005254202484539346,0.006779565701209056,0.005143081830608863,0.0,0.006731135973223678,0.004074784278459326,0.0017512319558389323,-0.000950466631294006,-3.565342223546998e-05,0.0004448198241672089,-0.0004633843928799042,5.146928638100425e-05,0.0,0.0,0.0,0.0,0.0,0.0,0.0
2015-07-30,-0.0010376241172893375,0.001444628487568965,0.002315017761514073,0.0012539304243091274,-0.0012176449192774015,0.00289199165431032,-0.0014119255793826947,-0.0023444052395326783,0.003521050847113192,0.0007519337273002342,-0.0014145308844105181,-0.0022606968091079243,-0.0022448339610970855,-0.0010248203435799224,-0.0019655548581010034,-0.0028908151399569732,-8.209736694796509e-05,0.00039582543520514757,-0.002190628288977334,0.001353098960648272,-0.0011019562935948343,0.0006657046172596904,-0.0003424305181200774,0.0010328337039845039,-0.000534960335849063,0.0009897760579895727,-0.00017145899273945464,0.0013380946782892607,-0.0008360482532422304,-0.0006602335648383076,-0.0011881737267647626,0.0,0.0,0.0,0.0,0.006040083804486821,0.003750696432651458,0.0035025820168419677,0.004777126081708457,0.006188533427924635,0.0045530617774962945,0.0,0.00610048878959707,0.003589174557267846,0.0012705843895001233,-0.0004847126220350385,0.0,0.0003827362596978055,-0.0006626442207620486,0.000245289094305836,0.0001764656954679905,0.0,0.0,0.0,0.0,0.0,0.0
2015-07-16,-0.0009812352786885642,0.001978645136983139,0.0019468011997010788,0.0011293571771606756,-0.0004021897661672411,0.002440367025984606,-0.0013813767542942632,-0.002324759834564182,0.0032929425504238307,0.00023858004753342493,-0.00153547775309092,-0.002409896035214828,-0.0027551338429662726,-0.0008141407193314476,-0.002075869678030734,-0.002415152800299846,-0.00038132184459885353,0.00016536856557111709,-0.0023445131731611355,0.002074739481102942,-0.0007101502073482073,5.499802566036061e-05,-0.00025693970563207537,0.0012617605467512177,-0.0007172579739891452,0.0009639493729972918,0.0003520432322909452,0.001541264485655583,-0.0012002457340168607,-0.0007198173666946471,-0.0013536663816700724,0.0,0.0,0.0,0.0,0.0031343439920607334,0.002185985976027583,0.0018560277162372634,0.0026643849124476735,0.0034625496752694715,0.002334382118150321,0.0,0.0034667853969966404,0.0020385069746718227,0.0006054445998373621,-0.00013739802513309848,0.0,0.0008188505090970143,-0.0007857191637866058,-3.579612533554056e-05,0.00023664306475482802,0.0,0.0,0.0,0.0,0.0,0.0
2015-07-01,-0.0014632373953422382,0.001908034044373191,0.002616911394980974,0.0006936567354253385,-0.0005080058143821934,0.0029843733911750847,-0.0017852032933402615,-0.002535850791387179,0.000779464044553222,0.00020918002245494724,-0.0018367337031059965,-0.0004606171629633043,-0.0012219256378349984,-0.0015198331055415746,-0.002237637532491092,-0.0006021621734088291,-0.00047828484410883214,-0.00031424243385973476,-0.0024911704562376605,0.0008477133066728791,-0.0005758278086752244,-0.0003419058761044973,-0.0003974673579002346,9.316778535905256e-05,-0.0006199142771060392,0.00045311644216203874,-0.0003050445945383359,0.0010059078973399947,-0.0006741823560306279,-0.0007492428538634605,-0.0010105418908178863,0.0,0.0,0.0,0.0,0.003074741443766762,0.0019047627078036884,0.0017907164654387948,0.0023643547999592962,0.003121447742579044,0.002145569772099177,0.0006171684479089703,0.002811767143995361,0.001842279372610695,0.0007772176566867967,-4.396835710862507e-05,0.0,0.0,-0.0008632894381265496,-2.2788153792918124e-05,0.0008907092087919899,0.0,0.0,0.0,0.0,0.0,0.0
2015-06-17,-0.0009102641746869267,0.001158257995325608,0.0036453059419101347,0.0007582126722963709,-0.0021016090629984406,0.004444473506000288,-0.0013553872668299622,-0.0027982472127870924,0.0015254954815029646,-5.703140030500322e-05,-0.0014978153320303457,-0.0009943168542507895,-0.00017028476535231244,-0.0027261210719456007,-0.0018182703460435461,-0.000958920708621315,-0.0001702508383937886,-0.0005992208197214679,-0.0021796023823796398,0.0004567120057621403,-0.00020744843853524091,-0.00048694634152041507,-0.00036622665309392566,-0.0005433886960150537,-0.0001084017735566504,0.00012660815443149605,-0.0006225127474224635,0.00148490536012349,-0.0010075349311972595,-0.0009174495384405186,-0.0013019644337671158,0.0,0.0,0.0,0.0,0.0029557775299651873,0.0018616468924539812,0.002124183447212141,0.002351792100658618,0.003037606543406205,0.0021202511826333946,0.001141808569133904,0.003019219764486511,0.0016896434792975908,0.0007481400415688034,0.0001512444069101457,0.0,0.0,-0.0005335256021544697,2.7350640564152008e-05,0.0007989343856368227,-0.0004959152879104135,0.0,0.0,0.0,0.0,0.0
2015-06-03,0.0008686959362857834,-0.0024079765346658346,0.0025018080896030597,0.00036363696808469186,-0.00036914315679202077,0.0033205796595124964,0.0005987922346376102,-0.001654421274813422,0.0009296203406791033,-0.0008790213949720532,0.0003883251684153369,-0.0009191694105102885,-0.0021037771753452867,-0.0022635086411927807,0.0003298890482903642,-0.0005500809284445529,-1.717380236790585e-05,-0.00026235076796084954,0.0001429146543248375,0.0016001075084799978,0.0001429248357017662,-0.0006156334244286439,-0.00024349906097867563,0.001238132881507425,0.0009463929823627922,-6.112478283318432e-05,-0.0013952247111343934,0.0009082888700624965,-0.0004973737558682994,-0.0009018724859885845,-0.001176518718631972,0.0,0.0,0.0,0.0,0.0010865990359982432,0.0005717014794766058,0.0006564616251534424,0.0009427715388397672,0.0012721348177414324,0.000564185620033117,0.0006732828868652939,0.00101597488658173,0.0004936797488473455,0.00012291517594623281,0.00039270215340471394,0.0,0.0,-0.0008455850112434309,-9.696549462529918e-05,0.0005898756418261979,-0.00019045681223314276,0.0,0.0,0.0,0.0,0.0
2015-05-19,0.0007640629443754843,-0.0013439346826424749,0.00208226029563622,0.00037604291866778625,-0.0007900324899767015,0.001825964806492317,0.000467494664863351,-0.0013314923863701953,-0.0009303096888559326,0.00042815256551419185,0.00013829544722843937,0.00045593801308156927,-0.0018697041463912759,-0.001299742956223882,4.6686146408242693e-05,0.0009287260312380281,-0.0001804812924729208,-7.030040342333676e-05,-0.00017533963547307143,0.0010481182446259714,-1.4216901183167958e-05,-0.0006190608649831825,-0.0002459940988870761,0.0008913896580420731,0.0009980640445020044,-0.00010767550864037786,-0.0008945391930836927,0.0011154440044010316,-0.0009166190974713549,-0.0011488313347516796,-0.0007866619097994253,0.0,0.0,0.0,0.0,1.8132435824808092e-05,-8.658872394420725e-06,-0.00010951550040558058,0.00020578413529623906,0.00048651017444781644,-0.00032707120694486377,0.0005531367161846379,9.802042303223648e-06,-3.1937219811097644e-05,-1.1015618957454449e-05,0.0004236003574248592,0.0,0.0,0.0,-3.156753894016065e-05,0.000419942080120809,-0.0004437796628237912,7.700023521284572e-05,0.0,0.0,0.0,0.0
2015-05-05,0.0005845151263642287,-0.001447830515519817,0.002482017505427482,7.704511208530618e-05,-0.0026705810948079904,0.003212606234173443,0.00041648880128121257,-0.0019778972616053842,-0.0008555554167851034,0.00018601277470517484,0.0001182202507719391,0.0004645778187688357,-0.0012582628632591042,-0.002197590744493141,-7.592556503169763e-05,0.0006834646130404728,0.00041290040130873966,-0.00024279662136211534,-0.0002086270960714029,0.0008278081832468008,4.189208458812538e-05,-0.0005192842023009716,-0.00023857075188419782,0.0007331086256945529,0.0010993890130288012,0.00015009728433119907,-0.0005897646596885429,0.0010861503252783465,-0.0008269684308305603,-0.0011723699944433876,-0.0003256418118320426,0.0,0.0,0.0,0.0,-0.0011262652852018038,-0.0008479864959468483,-0.0008942184905444313,-0.0008291505737658924,-0.0007820715494530333,-0.0012441309860779688,0.0007130747790244924,-0.0012608642239973285,-0.0006967018295180133,-0.00029411005821464343,0.0007936848250309981,0.0,0.0,0.0,-8.071063707770503e-05,6.496224956527408e-05,-0.000655952110776157,0.0006490517542545187,0.0,0.0,0.0,0.0
2015-04-21,0.0007035389489351718,-0.0017097978879469984,0.0035226512272252914,-0.0006850076501020344,-0.0035451154968521676,0.004544414231419694,0.00036612445070519436,-0.002368671284047192,-0.0008711987324351115,-0.00017753695622970387,-0.00013959337142760376,0.0005918206239619808,-0.001415238686209649,-0.0029537484763735504,-0.0002451469417714227,0.00048551718242307283,7.684438056832879e-05,-0.00025574450245683777,-0.00021253996025164798,0.000713685369609466,-0.0002563504801819174,-8.475897813199973e-05,-0.0002191988279190174,0.0018583618445596405,0.001067725681462675,0.00035770110915416334,-0.0005028056966321536,0.0016964217311189076,-0.0007824495840045963,-0.0015923995538605436,-8.673598256363857e-05,0.0,0.0,0.0,0.0,2.059630071845359e-05,-0.000287700790001082,0.00038751564041988846,-0.00019312762419254904,0.00010174246998150116,-0.00014166290604499172,0.0010115363588757953,-0.0004087972769435102,-0.00010557907436528871,-2.36420793545103e-05,0.0009571875155146833,0.0,0.0,0.0,0.0,0.0007011697531726942,-0.0006438228255419933,0.0009562483650002584,0.0,0.0,0.0,0.0
2015-04-07,0.0008603095624136726,-0.002066135331382459,0.0015356763133759208,0.002445635379375797,-0.003651124476539579,0.000572831329336602,0.0005564685058029966,-0.001551270660494912,-0.0011154823140123974,0.0021418125558527353,0.00023449822881979856,0.00018008039736422667,-0.003916368874109125,0.0002901074994577332,0.0002533245032612779,0.001191291205330237,-9.31642132586747e-05,-0.00010127141622438288,0.0002413322348722811,0.0025457577226078673,-0.0007907915149438436,-0.00010927325353235158,-8.815911839856078e-05,0.0038534991073668713,0.0004382751050509779,0.00035547859434199104,-0.00018987764726805136,0.0012516419671052383,-0.00066920046891816,-0.001252150664368168,-0.00047240403441761253,0.0,0.0,0.0,0.0,0.0014626030029244426,0.0006741095173199374,0.0016528333934215534,0.0006171941480710274,0.001547470191245358,0.0009883510163559341,0.000874825536731761,0.0008667524706285748,0.0007452767257511725,0.0006388800057423716,0.0007107241451501779,0.0,0.0,0.0,0.0,0.0005998898089615107,-0.0007062007603140987,0.0008955453771988649,0.0,0.0,0.0,0.0
2015-03-23,0.0008387848543895906,-0.0010482330652269933,0.0013831394154078022,0.0006939479727069979,-0.000448555354472939,0.0005477846750526342,0.00043253869562594687,-0.0019979897315399696,-0.0002269184165884978,-0.0003813821439548634,-5.8960957890171674e-05,-0.0001708340784324187,-0.0031003148898947888,0.00017630256111657856,-0.0002232481601914775,0.0005941358670169031,5.202444626322059e-05,-3.695789081813289e-05,-0.000322541999916444,0.002367647478264485,-0.001070502055203064,2.3993197826737415e-05,-0.00010354713464929897,0.003392496172687334,0.00023445483484731163,0.0004757564511388799,-7.913804960936795e-05,0.0016448096195776551,-0.0008340947010307665,-0.0007924712316582235,-0.0008490749431159263,0.0,0.0,0.0,-0.00018370017308180816,0.001679575337567389,0.0007271673790759472,0.0012481424613630338,0.0005360759533859813,0.001600167164435896,0.0009689400192721618,0.00042746584047726025,0.0007204420767772185,0.000772907064216381,0.0006027143213437454,0.00019649287678485692,0.0,0.0,0.0,0.0,0.0,-0.0006041185666674291,0.0008953318120147154,0.0,0.0,0.00018370017308183835,-0.000183700173081464
2015-03-09,0.0011267674484695105,0.0005127231421229266,0.0003542484381249327,-0.0005562213456230535,0.007792755134142088,-0.00344189912210093,0.00012297666881612006,-0.0025386423464245403,-0.0021250368091895525,-0.0009738703303901872,-0.0006858201090422004,-0.0005203679267726796,-0.0052570128820120625,0.0028653946691778154,-0.0009612530300848923,0.0006864619522885868,-0.001599817773294426,-0.0003985337574930083,-0.0011799966460753059,0.002331518991411824,-0.0017516378036634716,-0.0004363358465173272,1.4133978098504508e-05,0.0032974279764948723,-0.0004537910802879398,7.416406540702808e-06,-4.0693513329442916e-05,0.003225105694724677,-0.0018018333034062054,-0.0006050138156180378,-0.0005781854165574207,0.0,0.0,0.0,-0.00016852301379487132,0.003622093575335581,0.0015438060885662082,0.001976511776941271,0.0018251125753840725,0.002852659765611414,0.002063073798695952,-0.00014226769564779998,0.0019923815469315774,0.001647094041776327,0.0012159128669263222,0.00022638244858072927,0.0,0.0,0.0,0.0,0.0,-0.0010162360576275139,0.0010054481343487695,0.0,0.0,0.00016852301379486338,-0.00016852301379489848
2015-02-23,0.0017353279430396414,0.00210944978498019,0.0011985005642167904,-0.0010280705169722782,0.005758520677118681,-0.0012776690067108263,0.00048630535742575243,-0.002910034559441823,-0.001358355813171518,-0.001046807115628341,-0.0006013728711855714,-0.0006107698800326848,-0.0023517431636161127,0.0011597123548981341,-0.0012274331231129619,0.0006893124724741276,-0.0011572648562597125,-0.0006630169963171615,-0.001968405129844315,0.0006741646522265848,-0.0016355985151141656,-0.0003754086231661704,0.000143224826279028,0.001446127037044802,-0.00027443898163020714,-0.00035679222061871485,0.00023836969204137938,0.005023838036583302,-0.0034696119812511494,-0.001005517064350701,-0.0010086710209888986,0.0,0.0,0.00018736474218170924,-0.0003576820769250265,0.003595046436899046,0.0016102101132503613,0.001639568835214342,0.001610915185074549,0.0030997838131331264,0.0019190192573614107,0.0019060117392690605,0.002005974312445819,0.0015406778023106754,0.0012265436133360895,0.0004812297082596151,0.0,0.0,0.0,0.0,0.0,0.0,0.0013565246115762452,0.0,0.0,0.000225329952434524,-0.00022532995243438843
2015-02-06,0.0016476039461527905,0.0018792352987812763,-5.586191340301741e-05,0.002323998476073492,0.003849526115082511,-0.0009583027192270454,0.00039745141131269376,-0.002843327913286056,-0.0023214054170324263,0.0012891976699713702,-0.0006482958450186231,-0.0008305208026610033,-0.00223375989213614,0.0009519698467019965,-0.0011423971318776317,0.0004168478215155481,-0.0019715660325269548,-0.0003384619157255572,-0.0018318810624927619,7.148770959485765e-05,-0.0020545035507041824,-0.00042212113858347447,0.0002728566965007099,0.00043779082847387226,-0.00046004689424535727,-0.000534045384012322,0.00035613321279104305,0.005015912372027905,-0.0032023877731317744,-0.0010682339563585614,-0.0013897274775297767,0.0,0.0,0.0007470081776915444,-0.0007723491941088176,0.0036783644357588387,0.0017858358289510317,0.0018335492925038127,0.0016081810171006674,0.003122902352374717,0.0023481568938949573,0.0014777997092478524,0.0022672708078044198,0.0016331189603749998,0.0011718480236839902,0.00034496278684023997,0.0,0.0,0.0,0.0,0.0,0.0,0.0007504696283219373,0.0,0.0,7.803169509267417e-05,-7.8031695092531e-05
2015-01-23,0.001185861816261921,0.0023021662532572286,-0.000406840702786194,0.0026780046380683498,0.005146925401598523,-0.002103890466275085,0.000199267743164137,-0.002828378574620718,-0.0021635600530466445,0.002130730833541436,-0.0005716854288175168,-0.0006869305824386756,-0.001238620861890276,0.002052853756801198,-0.001258021728439274,0.00010290383382845995,-0.002304607373941679,-5.567755477207434e-05,-0.0017900464011145116,-0.0011053476675638948,-0.002261276178024835,-0.00027957796813879936,0.00035626486408032,-0.0011630360029895599,-0.00046552356939124663,-0.00039017718120027344,0.00047395824444810696,0.004708225830532251,-0.002975646327871846,-0.0004654411626190538,-0.0021309079168577703,0.0,0.001043575422437136,0.0005209235717650811,-0.0009847778548251675,0.004689960185123504,0.002108417256471473,0.001907365987958067,0.0022366859542141955,0.003996476413022662,0.002683757864450559,0.001556580258152952,0.003042362963212228,0.001990930979141922,0.0013607745946652402,0.0005288374154324004,0.0,0.0,0.0,0.0,0.0,0.0,0.0,0.0,0.0,-0.00027365694632780507,0.00027365694632731436
2015-01-08,0.00012287048351661408,0.004939652087915753,-0.0002109056753762941,0.0015870355436837457,0.003545657544522405,-0.0013196892153710745,-0.0007171655519533798,-0.00162450531770297,-0.0016906701364729129,0.0011917874237358007,-0.001556595574895794,-5.361220401682642e-05,-0.0006332159440778494,0.0008382227907596959,-0.002464423844070976,9.346700141151717e-06,-0.0010655520989396212,-0.00034032146067828825,-0.0031338781528227394,-0.00047558075448777274,-0.0013580271595533054,-0.0004035366353809052,-0.0001515195323880137,-0.0006351066028074843,0.00012467246772673336,4.319563479789977e-06,0.0007401276455685863,0.0046668066058594354,-0.0022901638373257933,0.00047347655036718213,-0.0023827439495746694,0.0,0.00047577831436283025,0.000719080892203498,-0.0009640817951209466,0.0039084683545479336,0.001689268571281285,0.0006826898404947673,0.002282699017749455,0.0033169292146703728,0.0022026383710204256,0.0014744234126016077,0.002524753535261625,0.0016745860404867086,0.0010852279141309652,0.0007679929483306924,0.0,0.0,0.0,0.0,0.0,0.0,0.0,0.0,0.0,-0.00033629221834165056,0.00033629221834118527
