date,ic,rmse
2015-01-08,0.04009314569201174,0.011204336167305444
2015-01-09,0.042270861833105335,0.00868433854792896
2015-01-12,0.032580743140629746,0.008937079815259076
2015-01-13,-0.07603523337045662,0.010597869247764959
2015-01-14,-0.09577807026425028,0.012390301393000616
2015-01-15,-0.006947651232106125,0.012950088934334364
2015-01-16,0.02621951219512195,0.011798465701898712
2015-01-20,-0.10740740740740742,0.009820734704117111
2015-01-21,0.08645100796999533,0.008532426234464407
2015-01-22,0.04015471167369902,0.00888508536870181
2015-01-23,-0.10492321589882564,0.010758798970522213
2015-01-26,-0.16772782185653182,0.009995805428912914
2015-01-27,-0.26533233203817985,0.010174256513977553
2015-01-28,-0.16738934056007226,0.010425256375569342
2015-01-29,-0.15064050238895962,0.011744967290721829
2015-01-30,-0.07617228495864992,0.010307085407306408
2015-02-02,-0.27660467654590487,0.009160531655172293
2015-02-03,-0.025797306874557054,0.00768235870551854
2015-02-04,-0.31332812194645304,0.006956244950542735
2015-02-05,-0.23285128004690245,0.007355210075249651
2015-02-06,-0.05800273597811217,0.007017730633441174
2015-02-09,-0.1292358803986711,0.007321838128102849
2015-02-10,-0.08820492052242584,0.00652500593623183
2015-02-11,0.005413328121946453,0.006611741925094777
2015-02-12,0.20955755796294423,0.005857577483390209
2015-02-13,0.0890600730447924,0.00864206293628384
2015-02-17,0.17444691658620545,0.009065582859126632
2015-02-18,0.1715293228663784,0.00928911515920328
2015-02-19,0.2484795373839749,0.009306361357260805
2015-02-20,0.004281936106796523,0.00957913082633843
2015-02-23,0.1673523361739641,0.007494962064205597
2015-02-24,0.23043937266681905,0.007237097931156382
2015-02-25,0.13473351400180666,0.0076967826438249795
2015-02-26,0.10511017346460384,0.0077116960467174395
2015-02-27,0.07791842475386779,0.012234306435630412
2015-03-02,-0.17137293086660174,0.010916477985027276
2015-03-03,-0.1402484763244257,0.01142233674914676
2015-03-04,-0.13069620253164557,0.010435498598422615
2015-03-05,-0.1624391431353457,0.008504602078312011
2015-03-06,-0.10004868549172348,0.008698660718628407
2015-03-09,-0.12368549172346639,0.007142306625650658
2015-03-10,-0.22312560856864655,0.009229057818918493
2015-03-11,-0.25719643694327243,0.011362307985605469
2015-03-12,-0.02779941577409932,0.009875645051568066
2015-03-13,0.20339896858884202,0.011667778763026227
2015-03-16,0.3431345980126468,0.009294314390907686
2015-03-17,0.29218608852755196,0.009240919956784582
2015-03-18,0.2249096657633243,0.006247613165413556
2015-03-19,0.20313911472448057,0.007158831226719935
2015-03-20,0.07917850262839979,0.006330610640041312
2015-03-23,0.07099400311272189,0.006212426430492642
2015-03-24,0.1898869189495108,0.009996232386213926
2015-03-25,-0.11454381210478772,0.0069933894067917965
2015-03-26,-0.07764227642276422,0.0067220194684714865
2015-03-27,-0.25872011251758087,0.007775897628509434
2015-03-30,-0.21322081575246135,0.007252098114821731
2015-03-31,-0.11298640412564463,0.007084715882565283
2015-04-01,-0.14988279418659167,0.007007285093122376
2015-04-02,0.02426160337552743,0.007008269619889398
2015-04-06,0.13240740740740742,0.006982407784675862
2015-04-07,0.07222222222222223,0.005032808520494017
2015-04-08,-0.003974706413730804,0.006319954671220883
2015-04-09,0.056279317813258456,0.012282908030869507
2015-04-10,0.05889792231255645,0.013210296349092251
2015-04-13,0.00966576332429991,0.012201177899763039
2015-04-14,0.1455227379278012,0.012256567721883936
2015-04-15,0.38073622402890694,0.010953972798665354
2015-04-16,0.3152601969057665,0.00564166114397181
2015-04-17,0.19878105954055322,0.007974686120800463
2015-04-20,0.06795593061415847,0.008033907462148049
2015-04-21,-0.0038166214995483286,0.008380113511221384
2015-04-22,-0.07733239568682607,0.008762703612811682
2015-04-23,-0.13030942334739803,0.010211828200283586
2015-04-24,-0.16315049226441633,0.008116549252327616
2015-04-27,-0.12901987353206865,0.0065536228454528495
2015-04-28,-0.015729020159399906,0.008334513186703618
2015-04-29,-0.15679793717768403,0.008477409372413893
2015-04-30,0.0027660571964369433,0.006622419231668314
2015-05-01,-0.10720415537488708,0.0062101713563788375
2015-05-04,-0.03616971401781528,0.007829708406657577
2015-05-05,0.10096108766994843,0.006053682995664224
2015-05-06,0.0567429406037001,0.005711999282078058
2015-05-07,-0.14525316455696205,0.006457343875185501
2015-05-08,-0.10761837787154242,0.006663960019767267
2015-05-11,-0.14465541490857947,0.0121951653142732
2015-05-12,0.07737927801218941,0.011509014403583808
2015-05-13,0.10872011251758089,0.008020261808615417
2015-05-14,0.14191820837390456,0.007029361633217095
2015-05-15,0.2469057665260197,0.006586844790971168
2015-05-18,0.18000468823253635,0.009098250572972935
2015-05-19,0.21882325363338023,0.00847736410773372
2015-05-20,0.13720112517580874,0.0099565345159913
2015-05-21,0.07475974358137157,0.012853003726116259
2015-05-22,-0.07310126582278482,0.013337102218710475
2015-05-26,-0.12139727361246348,0.0089617399157641
2015-05-27,0.025278518949405023,0.009447148448094859
2015-05-28,0.05126600284495021,0.005206762631969182
2015-05-29,0.24699857752489332,0.007646001971937389
2015-06-01,0.42977443609022553,0.009330939659956605
2015-06-02,0.22717703349282298,0.007559375276138313
2015-06-03,0.1343669985775249,0.006054727281314225
2015-06-04,0.02256045519203414,0.008316440685711171
2015-06-05,0.04314106945685893,0.007811242148854867
2015-06-08,-0.39651898734177216,0.008071109221163235
2015-06-09,-0.32546251217137295,0.012056859348764173
2015-06-10,-0.1872444011684518,0.016798149083698265
2015-06-11,-0.1908227848101266,0.014713098176143379
2015-06-12,-0.16699484294421005,0.015994310545310877
2015-06-15,-0.10002258355916893,0.018961901865969515
2015-06-16,-0.2405766526019691,0.017221056849209767
2015-06-17,-0.16699484294421005,0.014906731210289587
2015-06-18,-0.18181596884128529,0.007097814249745472
2015-06-19,-0.12897327707454292,0.0094057671329391
2015-06-22,0.1569854664791374,0.010622171326317393
2015-06-23,0.006645569620253165,0.00903865121994864
2015-06-24,-0.04806585819244047,0.0090405984961341
2015-06-25,-0.05378166137659808,0.00949582245740836
2015-06-26,-0.022386310360993908,0.008172782790336036
2015-06-29,-0.14723394280356306,0.007846094576933256
2015-06-30,0.007618377871542429,0.00780955652290159
2015-07-01,0.003727144866385373,0.00783308734315383
2015-07-02,0.08096342007596784,0.008019984766947206
2015-07-06,0.196319737458978,0.008358451522093878
2015-07-07,0.14053748870822041,0.008902776775894744
2015-07-08,0.22442569151429914,0.010597216857546207
2015-07-09,0.19741966893865628,0.01214872401680292
2015-07-10,0.2618305744888023,0.011310925289545378
2015-07-13,0.2757383966244726,0.009683829354155724
2015-07-14,0.2470698546647914,0.008843469253457446
2015-07-15,0.03585686465433301,0.011755639731322326
2015-07-16,0.034274586173320354,0.009463798678505523
2015-07-17,0.2227361246348588,0.011585596967509543
2015-07-20,-0.11666666666666668,0.0130934666817833
2015-07-21,0.014814814814814815,0.012146257355300233
2015-07-22,0.04920494988082411,0.010896004499158443
2015-07-23,0.09578694180516102,0.011840678527001084
2015-07-24,0.1144632731467877,0.011011754588076034
2015-07-27,0.08549154601599676,0.009025187250259135
2015-07-28,0.15112715671046556,0.008201655977349558
2015-07-29,0.17383820998278826,0.010195039727725758
2015-07-30,0.1020776874435411,0.0086136029583069
2015-07-31,0.23091825295763002,0.012025960624110012
2015-08-03,0.10736224028906954,0.011062985371414613
2015-08-04,0.025348004484060906,0.014190930170420153
2015-08-05,-0.12869198312236288,0.014227362253621085
2015-08-06,-0.0694896115627823,0.008045264667951173
2015-08-07,-0.24238934056007222,0.008635774188950925
2015-08-10,0.10743243978624525,0.007597350957381396
2015-08-11,0.2591504228295295,0.0076905158137364725
2015-08-12,0.2162688695160044,0.012983536725456065
2015-08-13,0.392447840141052,0.011517628776703311
2015-08-14,0.339159891598916,0.017152346087449574
2015-08-17,0.2879703094219698,0.02452429191511046
2015-08-18,0.3546870408463121,0.027388519955289615
2015-08-19,0.10290484430948726,0.01879101233314188
2015-08-20,-0.13703703703703704,0.010689142409718905
2015-08-21,-0.22258138244033046,0.010706101289226175
2015-08-24,-0.2834868887313962,0.01543633841230891
2015-08-25,-0.23844506947651228,0.013335404730982936
2015-08-26,-0.09340497880021828,0.009016779209364138
2015-08-27,-0.09229251500776625,0.008886279500952148
2015-08-28,-0.061449864498644986,0.008604058079149607
2015-08-31,-0.007765335929892892,0.01071405569181504
2015-09-01,0.028457571495546185,0.008890640015454575
2015-09-02,0.024887082204155375,0.008834551326508946
2015-09-03,0.023080397470641372,0.008166540304937353
2015-09-04,-0.041325192368389545,0.009163964156075191
2015-09-08,-0.12806782686300758,0.008797189496136018
2015-09-09,-0.23302967969438731,0.010921519778057399
2015-09-10,-0.24173659407276807,0.00972155795089697
2015-09-11,-0.17843829757394394,0.007948495976895351
2015-09-14,-0.08270480295164398,0.007591952107257087
2015-09-15,-0.07639229002731794,0.01035083532926385
2015-09-16,0.04934721464254229,0.02268914449335945
2015-09-17,0.045090932837039216,0.011709251687547611
2015-09-18,0.20137759710930445,0.010680134478026746
2015-09-21,0.0855345501246177,0.0176202013210647
2015-09-22,0.00018890894588808195,0.016800583409801204
2015-09-23,-0.010727190605239384,0.012398842528467643
2015-09-24,-0.01483739837398374,0.009932131196667755
2015-09-25,-0.06609636377488273,0.009518369527984257
2015-09-28,-0.08618756870299626,0.018414855517291967
2015-09-29,-0.38434959349593495,0.020587536077485223
2015-09-30,-0.36472448057813905,0.019336767555311926
2015-10-01,-0.39096657633243,0.019789663692513053
2015-10-02,-0.4488934056007226,0.015176026864982223
2015-10-05,-0.3048554652213189,0.011387470238997435
2015-10-06,0.06770714293488317,0.009694678971034694
2015-10-07,0.05070689261109478,0.008378726084319428
2015-10-08,0.15871616547490777,0.012003767075273418
2015-10-09,0.2541035221023466,0.009688853698174333
2015-10-12,0.24411233785315478,0.009726662493808323
2015-10-13,0.1548633558624743,0.008922178274886136
2015-10-14,0.15844892173736966,0.00995622975509997
2015-10-15,0.04161182545307279,0.011421868859646099
2015-10-16,0.011354309165526676,0.010873074004592805
2015-10-19,0.02887872069437237,0.011000837310924267
2015-10-20,-0.0035175329882627393,0.01621208817846888
2015-10-21,0.17896127175810178,0.01502495484408943
2015-10-22,0.12309071182602954,0.012685660292554675
2015-10-23,0.17352705316288503,0.014032930720110682
2015-10-26,0.1933359390267735,0.012356324103128353
2015-10-27,0.05253077975376197,0.009472559400783821
2015-10-28,-0.06145837706225599,0.013859250227588344
2015-10-29,-0.18923390037113222,0.00967718278603093
2015-10-30,-0.25507994035763654,0.009686085961344026
2015-11-02,-0.11701004560246404,0.011417395975861628
2015-11-03,0.02624046320784493,0.01269848516757743
2015-11-04,0.11953477868112014,0.010941909135750296
2015-11-05,0.02195541748877041,0.012342499926293167
2015-11-06,0.09051925860624069,0.010955252959850866
2015-11-09,0.07201706555218164,0.007243071015219574
2015-11-10,0.01883958598622131,0.009548868237356269
2015-11-11,0.18213776515275193,0.010132555067657891
2015-11-12,0.19302168021680216,0.010745736221747772
2015-11-13,0.07075429087624209,0.0099193730785671
2015-11-16,-0.03921706516643226,0.008305065451203896
2015-11-17,-0.11616336242207453,0.008402441719750289
2015-11-18,0.08568202348690153,0.007144002792649882
2015-11-19,0.20991418247515808,0.007421124204870426
2015-11-20,0.10706239592516407,0.006898892224718899
2015-11-23,-0.0018292682926829265,0.006975545409392092
2015-11-24,-0.07563291139240506,0.005922304565404112
2015-11-25,0.07646507266760431,0.011254564845957786
2015-11-27,-0.09043330087633886,0.011944464257025101
2015-11-30,0.012895212285456186,0.012644889122593952
2015-12-01,0.06624873477650439,0.014439833595970748
2015-12-02,-0.007716502867839923,0.01084048538685452
2015-12-03,0.037058804322982995,0.010967945529024586
2015-12-04,-0.020800973930565462,0.012158346679395946
2015-12-07,-0.1389114724480578,0.007750466132375455
2015-12-08,0.05057628889541908,0.010365391046783813
2015-12-09,0.1591079766219349,0.011950920832790283
2015-12-10,0.08588282669975295,0.012338520364424834
2015-12-11,-0.10579989334029888,0.013659797914913946
2015-12-14,0.03200090334236676,0.01300783964501795
2015-12-15,0.21269903462086834,0.010758218068697633
2015-12-16,0.08810308986624002,0.011531077234580028
2015-12-17,0.12003569834895135,0.011893564714508734
2015-12-18,0.16115410150085438,0.010517997746050872
2015-12-21,0.16472393639599048,0.010257600645820859
2015-12-22,0.0596952269006339,0.008124358883962143
2015-12-23,0.02289996221821082,0.005909670539081071
2015-12-24,-0.01024306284370933,0.007721073353157932
2015-12-28,-0.173517919918155,0.006972258858619024
2015-12-29,-0.05677996539001535,0.009306890636329616
2015-12-30,-0.015718157181571817,0.013060683285350237
2015-12-31,0.15035752767166227,0.014510321645285852
2016-01-04,0.2400822803408757,0.018422781723181757
2016-01-05,0.16841146096993015,0.020840320262652895
2016-01-06,0.24535790219702336,0.009651917079027508
2016-01-07,0.12978044582511228,0.015597490704596146
2016-01-08,-0.09349593495934959,0.018618560243527687
2016-01-11,0.03488207572838781,0.023428123820077792
2016-01-12,0.14781075521598586,0.023608935759277506
2016-01-13,-0.07658084914182475,0.014774792298523439
2016-01-14,-0.006842701817723857,0.014168829821886943
2016-01-15,0.017211703958691912,0.025323085619714417
2016-01-19,-0.07409428655388102,0.01836731371738607
2016-01-20,-0.04977089931541886,0.01684356014480621
2016-01-21,-0.20865031943492127,0.018387458384250457
2016-01-22,-0.15849849261544827,0.01632790340588216
2016-01-25,0.03551332702082041,0.01818502480697265
2016-01-26,0.10897947189454683,0.014343067266997108
2016-01-27,-0.02722387809076025,0.01799467620462652
2016-01-28,0.011271567104655553,0.013628665650333924
2016-01-29,0.04485537970698124,0.012054178161953021
2016-02-01,-0.04833451452870305,0.015485835949664201
2016-02-02,-0.08097600485977524,0.013925560832283228
2016-02-03,-0.14186493874658299,0.010742924221188808
2016-02-04,0.14279417320851348,0.01037038828471387
2016-02-05,0.2540245013668118,0.008468004142237081
2016-02-08,0.2655010285042609,0.012242351112778112
2016-02-09,0.3192141387851055,0.016416057273816367
2016-02-10,0.1245749548717518,0.01636786224866658
2016-02-11,0.07629847119570721,0.017986096384478983
2016-02-12,0.0593905031892275,0.017782901416177034
2016-02-16,-0.05593120969317959,0.013345715850600598
2016-02-17,-0.2698505105355552,0.011834940867874072
2016-02-18,-0.16365293105193884,0.014152257831237828
2016-02-19,0.05335628227194492,0.00788786959206362
2016-02-22,-0.07075022780196416,0.010202978534921355
2016-02-23,0.04446694340386758,0.01297050964709863
2016-02-24,0.19250784651209882,0.012976583873503398
2016-02-25,0.16344821795894376,0.01067589901549649
2016-02-26,0.06825909911422694,0.01196973302424711
2016-02-29,0.07623525460727928,0.012541774132611427
2016-03-01,0.237458544981319,0.008161321147747
2016-03-02,0.17751143948616765,0.009790129087677348
2016-03-03,-0.08032828176818772,0.010802451461471284
2016-03-04,-0.07457705386003945,0.007607905254244839
2016-03-07,0.15053166595922987,0.008010735470645219
2016-03-08,0.22664875529994538,0.010227103316403571
2016-03-09,0.2730993661055371,0.006979432157375037
2016-03-10,0.07545862894085051,0.009677676223713098
2016-03-11,0.14972083455774313,0.008828925706298682
2016-03-14,0.10140730991191657,0.008859134281339776
2016-03-15,-0.01623974891161284,0.00903850824178314
2016-03-16,-0.18562316492862205,0.0074910042934219
2016-03-17,0.13836185076440216,0.007137815477828228
2016-03-18,0.1014478080388782,0.007223864364985885
2016-03-21,0.013445378151260503,0.007370878365198442
2016-03-22,0.1056191151159259,0.007533169300159442
2016-03-23,0.15573554723094057,0.005938466832773524
2016-03-24,-0.0644809201964653,0.0075242770347616625
2016-03-28,-0.17691361652572352,0.009010198593340865
2016-03-29,-0.2225596151543845,0.009984170542797302
2016-03-30,-0.09302249649002514,0.01010815149433157
2016-03-31,0.08940831074977416,0.009992962665083626
2016-04-01,0.09051925860624069,0.008295808406813416
2016-04-04,0.08324898510029277,0.00699169048354667
2016-04-05,-0.08596989584353676,0.009665900786670048
2016-04-06,-0.24789673599547243,0.009827715269296327
2016-04-07,-0.06807019016833885,0.012548726874946774
2016-04-08,-0.15072834893581294,0.011156103580003884
2016-04-11,-0.19212039796817934,0.011332431648744236
2016-04-12,-0.29503379371143107,0.010681849064479328
2016-04-13,-0.3611099450065069,0.010741749986432712
2016-04-14,-0.06428967904136873,0.01105737004703474
2016-04-15,-0.1927384334084305,0.012589410991122521
2016-04-18,-0.16615591285000628,0.011253509269956873
2016-04-19,-0.3355535964998204,0.01120715557166473
2016-04-20,-0.28370392137656314,0.01160888536165642
2016-04-21,-0.2787456445993031,0.010802778148972918
2016-04-22,-0.0596952269006339,0.011538221920131967
2016-04-25,-0.2764771824425072,0.010397465815763974
2016-04-26,-0.09826841240299954,0.011629823799708297
2016-04-27,0.0359704400256854,0.012870344495205204
2016-04-28,0.17486749164680404,0.012090684562716225
2016-04-29,0.11924119241192412,0.011010456578974516
2016-05-02,0.03326300984528832,0.012977868800149303
2016-05-03,-0.07630098452883263,0.00950458232974472
2016-05-04,-0.0196671354899203,0.008735255928527561
2016-05-05,-0.10264885138302861,0.007383733532838756
2016-05-06,-0.2093719571567673,0.008646714320901283
2016-05-09,0.2118261485350093,0.012285082642617445
2016-05-10,0.26608063759962497,0.013744536821921484
2016-05-11,0.17750730282375854,0.012123544407816272
2016-05-12,0.10435735150925025,0.011834082931934248
2016-05-13,0.25914591737376547,0.012343209155571144
2016-05-16,0.3744230453091212,0.011461994394731558
2016-05-17,0.2259493670886076,0.013484159821102081
2016-05-18,0.3668776371308017,0.013124747759528153
2016-05-19,0.396319737458978,0.013580131608089277
2016-05-20,0.13129395218002815,0.008991884307138582
2016-05-23,-0.007813911472448056,0.009330510725473128
2016-05-24,-0.0865793798500234,0.008481466918869841
2016-05-25,-0.3044446694340387,0.015288481752824969
2016-05-26,-0.013097686914907014,0.015772807842872747
2016-05-27,0.16160794941282747,0.0166948455432675
2016-05-31,0.012782294489611563,0.00736063957633104
2016-06-01,0.15255602355220338,0.008067987420730362
2016-06-02,0.30059611267369124,0.008572773304781676
2016-06-03,0.014818857310776205,0.009923728942437869
2016-06-06,0.08950556966972835,0.011562396338295143
2016-06-07,-0.1762751612272816,0.012343227057082542
2016-06-08,-0.3805745554035567,0.01282818362820836
2016-06-09,-0.25710235901589557,0.010653308659999357
2016-06-10,-0.18385772913816692,0.010307713626062101
2016-06-13,-0.00033583812602325675,0.007096503735564294
2016-06-14,0.024041967327303796,0.007652903077328889
2016-06-15,0.05648148148148148,0.007436135188704437
2016-06-16,0.07640317367029091,0.009416092638106548
2016-06-17,-0.2873095168128962,0.0072296903572888
2016-06-20,-0.24470005457369548,0.012029372071580042
2016-06-21,-0.13534276478737248,0.009075956961365749
2016-06-22,0.00455480458419042,0.007883499429179508
2016-06-23,-0.016902297537031596,0.008118532835274455
2016-06-24,0.283333877515482,0.00979030803040994
2016-06-27,0.2319382057848117,0.011823512283501241
2016-06-28,-0.008909587931558166,0.010117611860406954
2016-06-29,-0.011582464311025616,0.010043334001224834
2016-06-30,-0.018548142148425636,0.010667678149437832
2016-07-01,0.05694555224381847,0.007739884847512403
2016-07-05,0.3191301792535997,0.011055415264995474
2016-07-06,0.25653834851601526,0.010380678765164535
2016-07-07,0.09606155715298167,0.011446294986072183
2016-07-08,-0.02670851473119368,0.009012402103690855
2016-07-11,0.040761364786878605,0.007842389525545475
2016-07-12,-0.16323831913017922,0.006540536813135014
2016-07-13,0.06727257461903362,0.007206627082215335
2016-07-14,-0.004515541156221525,0.008632518263923172
2016-07-15,0.015763402040216614,0.008367522120624112
2016-07-18,-0.13855421686746985,0.009185433081543815
2016-07-19,0.12333655178204103,0.009146986153898785
2016-07-20,0.07438814491415137,0.01180405812086853
2016-07-21,-0.11265270139792619,0.01053980666631764
2016-07-22,-0.01754934531952316,0.010781825823692023
2016-07-25,-0.1253859683408247,0.01140015862640255
2016-07-26,-0.0562114002227397,0.012287587676675584
2016-07-27,0.122224087989589,0.007110459149315289
2016-07-28,0.019037823768943366,0.0067675776919977225
2016-07-29,-0.014181386793787614,0.00827479531908474
2016-08-01,0.23026523437925145,0.008495894052933833
2016-08-02,0.1062787736311098,0.007768966068845901
2016-08-03,-0.09915620670836654,0.00743035931337624
2016-08-04,-0.20170655521816264,0.007221169948684248
2016-08-05,-0.11481526182550622,0.005511939390276281
2016-08-08,-0.11773225305402794,0.005039377011940018
2016-08-09,0.3198228453885227,0.004910058732904599
2016-08-10,0.3360480248520213,0.005538168627200289
2016-08-11,0.3690021409680534,0.0051508078834398485
2016-08-12,0.3027160908442131,0.0069507638436728586
2016-08-15,0.10908442130892909,0.006408489067927799
2016-08-16,-0.133747533688762,0.006309111424509096
2016-08-17,0.07535367952646824,0.006588741229745095
2016-08-18,0.14318112787283588,0.0069566050448475044
2016-08-19,-0.003849912057846394,0.006535686320208941
2016-08-22,0.06336845640401326,0.006280752585596308
2016-08-23,0.19997714422834073,0.007225141045329993
2016-08-24,-0.07737127371273712,0.006458969759191928
2016-08-25,-0.006976415145677562,0.007123267213849905
2016-08-26,0.021318879855465222,0.007112177427106231
2016-08-29,-0.09789029535864979,0.007354035253492744
2016-08-30,0.030362043020270863,0.005954638079962236
2016-08-31,-0.034838579142376605,0.006283902004434783
2016-09-01,0.2131207400194742,0.009529384577064043
2016-09-02,-0.024496015002344117,0.009001450699800777
2016-09-06,-0.24848835375151163,0.021569254227766604
2016-09-07,0.030007966716827473,0.01942044484668793
2016-09-08,0.3393631436314363,0.01433597776403876
2016-09-09,0.16802168021680214,0.015383558107945481
2016-09-12,-0.033988256549232154,0.012838664733151598
2016-09-13,-0.22703252032520324,0.010503764928218935
2016-09-14,-0.059130832272178156,0.011717175233955875
2016-09-15,-0.08437932916334324,0.00981383176548366
2016-09-16,0.013030713640469737,0.0097184125491041
2016-09-19,-0.07583559168925022,0.00848548510949028
2016-09-20,0.07956187895212286,0.006840723382846276
2016-09-21,-0.12978844731715056,0.006078003130308693
2016-09-22,-0.13514001806684733,0.00655510380655369
2016-09-23,-0.15069353042421788,0.00647786217671086
2016-09-26,0.04010162204416651,0.00754664787900395
2016-09-27,0.013660347860074263,0.009096172647756202
2016-09-28,0.12964627711549737,0.007841737168858975
2016-09-29,0.04683608383112281,0.008354775313125421
2016-09-30,-0.049913941480206545,0.005668044160030948
2016-10-03,-0.039283183152779184,0.0066082990559472535
2016-10-04,-0.0875569504910398,0.008308032074365134
2016-10-05,-0.10125073285128004,0.009356502753489168
2016-10-06,-0.04708712675126185,0.007012036953780384
2016-10-07,0.12457169935117007,0.008705378501918213
2016-10-10,-0.023146460596340304,0.011075650705623417
2016-10-11,0.11810080659363884,0.008686734788539577
2016-10-12,0.2778527289023067,0.007561639526610602
2016-10-13,0.27111588821575144,0.017702708036705785
2016-10-14,0.16370920461207739,0.01774181236287274
2016-10-17,0.2211519411292985,0.018441122410900856
2016-10-18,0.05720081135902637,0.01731802373161702
2016-10-19,0.09541756190342011,0.017232095389585547
2016-10-20,0.2490695271952198,0.00905874905447069
2016-10-21,0.17926519444987296,0.00811207959739715
2016-10-24,0.18143308646634274,0.00913662630899834
2016-10-25,0.1172814755412991,0.00890393984158368
2016-10-26,0.04246426718241427,0.008015204610514989
2016-10-27,0.17856573305997972,0.008121401734698115
2016-10-28,0.048953852883283515,0.012993952684914278
2016-10-31,0.10205198358413133,0.012355168636060013
2016-11-01,0.12200060747190443,0.012530176703614799
2016-11-02,0.19927794802904997,0.014350423799149338
2016-11-03,0.23987238151211115,0.015131192028658334
2016-11-04,0.24704155374887085,0.012458676193896774
2016-11-07,0.20453929539295393,0.012861139326313597
2016-11-08,0.397655663303621,0.012048286214937901
2016-11-09,0.21289521228545616,0.00980688350792024
2016-11-10,0.3544693679868526,0.00872310771759245
2016-11-11,0.37645432679226387,0.006790049813819056
2016-11-14,0.3258889215398178,0.006575841136409938
2016-11-15,0.40013713390145955,0.006361835219296745
2016-11-16,0.2812006834927787,0.006373270668971788
2016-11-17,0.27593300029385837,0.0068435506393153996
2016-11-18,0.06186296330651403,0.006656673455008167
2016-11-21,-0.050358616035959564,0.007011425101986203
2016-11-22,0.18533755618680686,0.007722555750761878
2016-11-23,-0.07508625287056084,0.010678244511520284
2016-11-25,-0.028504260946223915,0.01059868477740735
2016-11-28,0.20087317912766045,0.008401648637758767
2016-11-29,0.334899260909183,0.007833768178722056
2016-11-30,0.34249728760790604,0.0064509259323307
2016-12-01,0.3787631492051512,0.009842040366528452
2016-12-02,0.22688806075758292,0.0069918837763648075
2016-12-05,0.039388650408038114,0.0074007767746592625
2016-12-06,0.1518967278362862,0.008390671008586459
2016-12-07,0.0383924483110845,0.00948973237493418
2016-12-08,-0.06322446599110593,0.009144773758959949
2016-12-09,-0.18679375956841873,0.010142271435051808
2016-12-12,-0.2248851789749945,0.008430154470218032
2016-12-13,-0.005977983524094189,0.007966470693211177
2016-12-14,0.1413328121946453,0.0068309615527722975
2016-12-15,0.17500488567520028,0.00693667371836598
2016-12-16,0.1899550517881571,0.004916665459335243
2016-12-19,0.19739610358979195,0.007021247710511158
2016-12-20,-0.05721968017359309,0.007155528770119547
2016-12-21,-0.33157224397377233,0.007567580376529382
2016-12-22,-0.3561771781687815,0.010500907512126251
2016-12-23,-0.13060386945475866,0.01026803986251309
2016-12-27,-0.009087355872581592,0.009487138216776624
2016-12-28,-0.09339456712917725,0.009040641615576012
2016-12-29,0.06432511395969855,0.008952130808510282
2016-12-30,0.031803601370562075,0.010621181105014778
2017-01-03,0.17414500683994527,0.010914889927601205
2017-01-04,0.23386750048856747,0.009812262928676149
2017-01-05,0.27551299589603284,0.008482992472433618
2017-01-06,0.2761567277513415,0.0043598185524712525
2017-01-09,-0.020104721920845323,0.009164538807218204
2017-01-10,0.001075308011955967,0.00627226958724385
2017-01-11,-0.17139487711684512,0.009195345324626106
2017-01-12,-0.08871173168545686,0.010727708189685086
2017-01-13,-0.19562243502051982,0.011427303336285348
2017-01-17,0.1980942497287608,0.011394332808724896
2017-01-18,0.11489392724356637,0.009561393222788154
2017-01-19,0.1582433133638379,0.010002959798838104
2017-01-20,0.07164467449150688,0.009180084863622538
2017-01-23,0.14428039058446152,0.007925871714088088
2017-01-24,-0.09548563611491108,0.007060886878222532
2017-01-25,-0.13463842634086515,0.008865661725366795
2017-01-26,-0.1004228329809725,0.009316817091256351
2017-01-27,0.023128235036815627,0.00836513222282
2017-01-30,0.028354055862773415,0.011144154881568946
2017-01-31,-0.07150153217568948,0.011932519783201688
2017-02-01,0.15734125537654003,0.007255046931378599
2017-02-02,0.2789134258354505,0.007030837218677552
2017-02-03,0.27138072550592013,0.006845275213238401
2017-02-06,0.060219821689702344,0.007465802352210341
2017-02-07,0.10906174819566958,0.00797098604561838
2017-02-08,0.23609389808267112,0.008919415996449279
2017-02-09,0.04249586136451693,0.00951277875746615
2017-02-10,0.07175402784865495,0.010531040738840348
2017-02-13,0.10058021604792679,0.008459887728729945
2017-02-14,-0.10929760837775365,0.00951866853464164
2017-02-15,9.771350400625366e-05,0.0095078915528682
2017-02-16,-0.12051983584131326,0.008625256396246164
2017-02-17,-0.31384413501494496,0.009241601965361305
2017-02-21,-0.4455735782685166,0.008408895091047577
2017-02-22,-0.2695720148524526,0.005983628798265103
2017-02-23,-0.28007924902118025,0.005425770493337744
2017-02-24,-0.15533644382882553,0.005986695171942262
2017-02-27,-0.05885033170518334,0.00627236354965474
2017-02-28,-0.1031488852101018,0.006375011083094323
2017-03-01,-0.26048747842626185,0.006833316382123371
2017-03-02,-0.0004226691557183615,0.005021417582584226
2017-03-03,0.11766421229131732,0.010367695884926961
2017-03-06,0.12012830793905373,0.0066441029064240745
2017-03-07,0.07441860465116279,0.005475332532293589
2017-03-08,-0.23496391339214115,0.006333049680690837
2017-03-09,-0.14886551252417565,0.006216610336826022
2017-03-10,-0.13747539549464166,0.005910768200894679
2017-03-13,-0.05813755532856657,0.006079296182031303
2017-03-14,-0.29006085192697767,0.006199552753061394
2017-03-15,-0.07912637388556064,0.007508519977357919
2017-03-16,-0.0021604792678899943,0.007839245422930904
2017-03-17,0.09691225327340239,0.006586631130874449
2017-03-20,0.06208716044557358,0.006727172370389821
2017-03-21,0.14050083837573812,0.008562543306343645
2017-03-22,-0.0573558358241598,0.007151800524587714
2017-03-23,-0.042337360431122545,0.009091318074326912
2017-03-24,-0.09415324050448347,0.009039373838975871
2017-03-27,-0.27112465217850734,0.009129835992884151
2017-03-28,-0.025042560435818866,0.006949171926786125
2017-03-29,-0.0526399211017576,0.00644551409653854
2017-03-30,0.007097319573104154,0.004566107524064624
2017-03-31,-0.012028869286287089,0.004865057130432675
2017-04-03,-0.15293066997156812,0.005386115122028329
2017-04-04,-0.2326807868295674,0.004867197995044147
2017-04-05,-0.16408051592730116,0.005027746902503493
2017-04-06,-0.014500683994528042,0.0064529055298562345
2017-04-07,0.027720052129195878,0.005286518705822434
2017-04-10,0.12831531119016593,0.005425115505483061
2017-04-11,0.14127716529886236,0.005514606599760154
2017-04-12,0.2374790406065466,0.004555484855087353
2017-04-13,0.26233870379820656,0.0060048379350822485
2017-04-17,0.24331121965444336,0.006124834348373939
2017-04-18,0.17914995990376906,0.00915215627811233
2017-04-19,0.07432383174163446,0.009513788584192004
2017-04-20,0.15768754100750892,0.007244184910109195
2017-04-21,0.0639181093447804,0.0072465974103092115
2017-04-24,0.04320015095051653,0.006786212759054247
2017-04-25,0.21208869089804597,0.008149991579762919
2017-04-26,0.18297053761263543,0.008153009254857619
2017-04-27,0.17658784444010164,0.009477192686228798
2017-04-28,0.15860855970295096,0.0078101115079183825
2017-05-01,0.11982640690598612,0.008644563034693607
2017-05-02,0.1145983974985343,0.0048068468174185044
2017-05-03,-0.0016415868673050615,0.0057285158831684325
2017-05-04,-0.15840842361040802,0.008127988386421495
2017-05-05,-0.05911666992378347,0.008331651664508442
2017-05-08,-0.15782685167090094,0.00941534719489765
2017-05-09,-0.18309354214821455,0.010457006482634413
2017-05-10,0.06623168331267769,0.009391992319629172
2017-05-11,0.3471057811474812,0.0070309298012738814
2017-05-12,0.16288504174725224,0.005738084891462136
2017-05-15,0.13923265210568805,0.0050904513201429896
2017-05-16,0.08227477037326557,0.005659657351253542
2017-05-17,-0.1054328708227477,0.006684909582858591
2017-05-18,-0.04354113738518663,0.006076327644480017
2017-05-19,-0.0626916363979433,0.00559632161260982
2017-05-22,0.015934713901599132,0.005271524268732392
2017-05-23,0.01694846613344133,0.005884811460766678
2017-05-24,0.06503810826656245,0.004991116001337255
2017-05-25,0.29738127809263243,0.004651597502181606
2017-05-26,0.23675982020715264,0.004582153966545866
2017-05-30,0.12552276724643346,0.004622399821159047
2017-05-31,0.15058257464974764,0.005473714822145457
2017-06-01,0.01600547195622435,0.007501126686724809
2017-06-02,-0.32421340629274964,0.00695164909247358
2017-06-05,-0.4317373461012312,0.007793340953922041
2017-06-06,-0.21762751612272815,0.007165304700922145
2017-06-07,-0.1472239256568706,0.007745164787175518
2017-06-08,-0.14077148931861902,0.007894620593497766
2017-06-09,-0.09253822010732005,0.005680474858658074
2017-06-12,-0.06058237248387728,0.005262858940598215
2017-06-13,-0.035690362752960045,0.006225192791626211
2017-06-14,0.20885675100799567,0.007557285569971046
2017-06-15,0.10762192899322008,0.010679945714638999
2017-06-16,0.20928410002187064,0.010988902553898495
2017-06-19,0.16849529780564262,0.010792633604862972
2017-06-20,0.09267697018298461,0.008692003415203264
2017-06-21,0.0031876298827093093,0.0074449608206551025
2017-06-22,-0.04098928337099949,0.0068023694054520105
2017-06-23,0.07071088258880134,0.007503687291191619
2017-06-26,-0.11076361193904537,0.008390550972178678
2017-06-27,-0.08939961526779387,0.0060655930829453
2017-06-28,-0.19345955249569707,0.007387713600064017
2017-06-29,0.10424217879923053,0.005913569745964315
2017-06-30,0.34036650804900276,0.005961350759881994
2017-07-03,0.5260895055696698,0.006905015834091449
2017-07-05,0.5958865984244539,0.005962983860694605
2017-07-06,0.5110146705033256,0.0059156930824008835
2017-07-07,0.4915043162413321,0.005635498983025463
2017-07-10,0.3462521817066842,0.004575016105741112
2017-07-11,0.32983631303363364,0.005783835323417027
2017-07-12,-0.04987971130713712,0.006452045250870129
2017-07-13,-0.23951534102012897,0.00779636063979607
2017-07-14,-0.12606996286886846,0.007684709510021678
2017-07-17,-0.10612764753054389,0.00777648742483784
2017-07-18,0.034336954144492234,0.006012157424770909
2017-07-19,0.02544288109644966,0.0067269287546778385
2017-07-20,-0.08762849019464897,0.00791715822408238
2017-07-21,-0.006488299190785157,0.008693500299714914
2017-07-24,-0.1262484508274404,0.010394880457835072
2017-07-25,-0.23350586863016692,0.009693239886917476
2017-07-26,-0.16545736324891694,0.009286112564581634
2017-07-27,-0.026628156810256775,0.008049321794734627
2017-07-28,-0.012785741960480436,0.01042858422946361
2017-07-31,0.19805715535466936,0.008654728426111435
2017-08-01,0.23437004684583146,0.009480972515814793
2017-08-02,0.17281885104434508,0.009524877582699244
2017-08-03,-0.015473500036451118,0.011450778515009448
2017-08-04,0.04142669679959174,0.007006475624768356
2017-08-07,0.2593625140955981,0.004883014000628052
2017-08-08,0.18316687322300793,0.0048049728054198075
2017-08-09,0.11573230298170152,0.005570245606656188
2017-08-10,0.12970490521790112,0.005727290763546111
2017-08-11,0.20427985147547392,0.005743255933551467
2017-08-14,-0.04547939657790827,0.005884364445702726
2017-08-15,0.09891667510377647,0.005526395489232648
2017-08-16,0.0333116433397622,0.004075343511687447
2017-08-17,0.2968599135216825,0.0054893043286804765
2017-08-18,0.02661050706892611,0.005871298680950188
2017-08-21,0.24583350824902395,0.0075191732952754175
2017-08-22,0.06143738717937953,0.006454940324647111
2017-08-23,0.09816968221317325,0.007201876048903192
2017-08-24,0.09342965186741091,0.007492952041184876
2017-08-25,0.024408833300762163,0.007733822605595958
2017-08-28,-0.06877076411960133,0.006203154287912518
2017-08-29,-0.10906781317178035,0.007162561062144465
2017-08-30,-0.11567045894825825,0.007348049554345593
2017-08-31,-0.005977983524094189,0.006715296381149246
2017-09-01,-0.0034517981050332857,0.00668118993437881
2017-09-05,0.21872659176029965,0.00665317303415638
2017-09-06,0.262871959501173,0.00617037664196068
2017-09-07,0.26737346342150686,0.005620609004050441
2017-09-08,0.27431052093973446,0.006332004856823363
2017-09-11,0.3257405515832483,0.005472209355235119
2017-09-12,0.39570990806945866,0.005816576949498561
2017-09-13,0.24394911423780705,0.006483298500793443
2017-09-14,0.15432707548166674,0.006387994479779811
2017-09-15,0.018462491798498213,0.006993732898175641
2017-09-18,0.1308269257983867,0.007136896559675979
2017-09-19,0.257946129534412,0.006817758278566994
2017-09-20,0.37845374352992633,0.006844857362724885
2017-09-21,0.23793467959466352,0.007228426124330812
2017-09-22,0.1960375489409878,0.006909203883382212
2017-09-25,0.06578073089700996,0.0069673647358199885
2017-09-26,0.03827539034860135,0.00771738496213258
2017-09-27,0.07486808676959156,0.004840468379592225
2017-09-28,0.009651398650879758,0.004990466468730966
2017-09-29,0.08072980874220706,0.006313131647919676
2017-10-02,-0.035328096932126386,0.0067735732579525445
2017-10-03,0.086601974804222,0.005593314619141914
2017-10-04,-0.02095734563770209,0.005404418137111954
2017-10-05,0.0692120742488817,0.006466862071250742
2017-10-06,0.07851079567468566,0.006925651434039745
2017-10-09,-0.023792751223979433,0.006543578021993946
2017-10-10,-0.09182036888532476,0.006971185452505224
2017-10-11,-0.10767496741925262,0.006699092656433276
2017-10-12,-0.078668709567586,0.007659173018123321
2017-10-13,-0.028565390440632596,0.007935521474259247
2017-10-16,-0.0628425869144771,0.007884029251639531
2017-10-17,0.10674710213603557,0.00847599280480176
2017-10-18,0.08042832209066465,0.008746175891510617
2017-10-19,0.03255084931107385,0.008996902612890921
2017-10-20,-0.14958252747771122,0.010983953407029649
2017-10-23,-0.08440492476060192,0.011831126095451243
2017-10-24,-0.13623216728551885,0.011247183264424485
2017-10-25,-0.192280633183506,0.008839855660408008
2017-10-26,-0.20183701387531758,0.008755101031763385
2017-10-27,-0.22669532929450847,0.006221821736341124
2017-10-30,-0.09251294014726251,0.0062946337791915255
2017-10-31,-0.012116474496775454,0.00709550564185982
2017-11-01,-0.0800859878835255,0.008228325032648288
2017-11-02,-0.057768223568497166,0.008004366227357796
2017-11-03,-0.14754469550450494,0.00815875136069386
2017-11-06,-0.29950389794472004,0.009010988085038923
2017-11-07,-0.24389996962640476,0.008697214657447985
2017-11-09,-0.02778594051000751,0.007263005250601181
2017-11-10,-0.08735320686540199,0.008299752291915645
2017-11-13,-0.0058662835624340185,0.008266932872146361
2017-11-14,0.03158977372906259,0.007820170701064128
2017-11-15,0.07884985319428976,0.006792576656301845
2017-11-16,0.13437723017505562,0.004126621854735086
2017-11-17,0.02294218892376228,0.004714964311827977
2017-11-20,-0.10490743461651482,0.005308901532026743
2017-11-21,-0.23285554140681972,0.009498231639568293
2017-11-22,-0.15167289366525333,0.00942100430464835
2017-11-24,-0.24406052393857272,0.010709949541506052
2017-11-27,-0.23599003058303675,0.014506941394321337
2017-11-28,-0.3432255039849977,0.011761333205900414
2017-11-29,-0.2331692451945617,0.005521653457534147
2017-11-30,0.22939521800281298,0.00512868776687077
2017-12-01,0.3021800281293952,0.004462712247889654
2017-12-04,-0.06908110642287858,0.005237635266226727
2017-12-05,0.09064986232191638,0.004830546747565289
2017-12-06,0.0019641591576389592,0.0048283590569742005
2017-12-07,-0.09701523865496829,0.004676429921669423
2017-12-08,-0.055360939556545516,0.004904327747097676
2017-12-11,0.26289359117140837,0.004517070689261638
2017-12-12,0.15630252100840336,0.005241462252848125
2017-12-13,-0.02518983497013263,0.005828562122486021
2017-12-14,-0.04588437784752456,0.005975203236582163
2017-12-15,-0.059884450089244846,0.005728065938615179
2017-12-18,-0.08972448057813912,0.0060760496982802505
2017-12-19,-0.08849490101326717,0.00526155677688079
2017-12-20,-0.006884681583476764,0.0046340078850618666
2017-12-21,-0.07825247432641842,0.005104301641842083
