,portfolio_value,returns
2015-01-08 21:00:00+00:00,1000000.0,0.0
2015-01-09 21:00:00+00:00,1000000.0,0.0
2015-01-12 21:00:00+00:00,999999.5999999996,-4.0000000034456917e-07
2015-01-13 21:00:00+00:00,1004011.3229999989,0.004011724604689126
2015-01-14 21:00:00+00:00,1009415.5899999983,0.005382675350564137
2015-01-15 21:00:00+00:00,1006575.9609999974,-0.002813141611970771
2015-01-16 21:00:00+00:00,990823.1289999969,-0.015649918744682356
2015-01-20 21:00:00+00:00,1009441.408999996,0.018790720013560636
2015-01-21 21:00:00+00:00,1023449.9709999961,0.013877538483266338
2015-01-22 21:00:00+00:00,1029987.2319999958,0.006387474898858381
2015-01-23 21:00:00+00:00,1030266.892999995,0.0002715188997597373
2015-01-26 21:00:00+00:00,1025595.240999995,-0.004534409512468085
2015-01-27 21:00:00+00:00,1014730.0289999949,-0.010594054618863202
2015-01-28 21:00:00+00:00,1023661.3789999943,0.008801700693534364
2015-01-29 21:00:00+00:00,1039197.1919999939,0.015176711086996697
2015-01-30 21:00:00+00:00,1018023.7369999934,-0.020374819296086533
2015-02-02 21:00:00+00:00,991767.8319999931,-0.02579105382883673
2015-02-03 21:00:00+00:00,957242.0869999923,-0.034812325915407394
2015-02-04 21:00:00+00:00,965992.4459999918,0.009141218422001662
2015-02-05 21:00:00+00:00,967657.7809999918,0.0017239627565368565
2015-02-06 21:00:00+00:00,955081.2949999919,-0.01299683239978
2015-02-09 21:00:00+00:00,937979.4819999915,-0.017906133320306106
2015-02-10 21:00:00+00:00,945859.5829999909,0.008401144322685239
2015-02-11 21:00:00+00:00,949641.3259999905,0.0039982076282454315
2015-02-12 21:00:00+00:00,939444.4879999898,-0.010737567669839132
2015-02-13 21:00:00+00:00,930796.8989999888,-0.009205002648332128
2015-02-17 21:00:00+00:00,933238.8199999883,0.002623473501709217
2015-02-18 21:00:00+00:00,934550.4279999875,0.0014054366062474788
2015-02-19 21:00:00+00:00,931973.2889999867,-0.0027576243322856575
2015-02-20 21:00:00+00:00,931553.7519999862,-0.0004501598972334042
2015-02-23 21:00:00+00:00,933314.4569999859,0.0018900734350750792
2015-02-24 21:00:00+00:00,935745.8409999849,0.0026051069730714804
2015-02-25 21:00:00+00:00,923345.9649999844,-0.01325132900056425
2015-02-26 21:00:00+00:00,931705.5109999836,0.009053536070847912
2015-02-27 21:00:00+00:00,922113.8649999835,-0.01029471854224151
2015-03-02 21:00:00+00:00,920769.712999983,-0.001457685488766014
2015-03-03 21:00:00+00:00,915552.9449999823,-0.005665659856473604
2015-03-04 21:00:00+00:00,918276.8699999817,0.002975169284174406
2015-03-05 21:00:00+00:00,923396.1059999814,0.005574828428380085
2015-03-06 21:00:00+00:00,919469.2749999809,-0.004252596447488766
2015-03-09 20:00:00+00:00,916661.1319999807,-0.0030540911766739898
2015-03-10 20:00:00+00:00,920102.7529999802,0.00375451830546214
2015-03-11 20:00:00+00:00,916522.22499998,-0.003891443633144309
2015-03-12 20:00:00+00:00,904284.3799999795,-0.013352480350381835
2015-03-13 20:00:00+00:00,902287.8989999789,-0.002207802151797278
2015-03-16 20:00:00+00:00,890955.6949999784,-0.012559410375070024
2015-03-17 20:00:00+00:00,888963.9789999779,-0.002235482652143017
2015-03-18 20:00:00+00:00,887638.3619999775,-0.0014911931544083767
2015-03-19 20:00:00+00:00,895924.6109999771,0.009335163231712462
2015-03-20 20:00:00+00:00,907301.0169999766,0.01269795009571384
2015-03-23 20:00:00+00:00,903593.9209999761,-0.004085850153963344
2015-03-24 20:00:00+00:00,906492.4339999754,0.0032077606241436296
2015-03-25 20:00:00+00:00,920026.3369999747,0.014929967964850688
2015-03-26 20:00:00+00:00,918690.9979999741,-0.0014514138849057723
2015-03-27 20:00:00+00:00,906279.933999973,-0.01350950866724554
2015-03-30 20:00:00+00:00,899831.4139999731,-0.007115373250667245
2015-03-31 20:00:00+00:00,905991.0429999726,0.006845314471316755
2015-04-01 20:00:00+00:00,904904.582999972,-0.001199195078577131
2015-04-02 20:00:00+00:00,905897.1359999715,0.0010968592917375286
2015-04-06 20:00:00+00:00,903886.0119999709,-0.0022200357193763454
2015-04-07 20:00:00+00:00,904853.9499999706,0.0010708629043367779
2015-04-08 20:00:00+00:00,920474.0959999703,0.017262615696157724
2015-04-09 20:00:00+00:00,909614.4379999695,-0.011797896374480032
2015-04-10 20:00:00+00:00,918747.509999969,0.0100405970029247
2015-04-13 20:00:00+00:00,913292.2839999686,-0.005937677044698275
2015-04-14 20:00:00+00:00,911269.4809999684,-0.0022148473554828296
2015-04-15 20:00:00+00:00,895300.637999968,-0.017523732916499224
2015-04-16 20:00:00+00:00,909773.1999999678,0.016165030366034783
2015-04-17 20:00:00+00:00,915828.7849999673,0.006656147927856848
2015-04-20 20:00:00+00:00,915483.644999967,-0.0003768608343102109
2015-04-21 20:00:00+00:00,927966.8399999666,0.013635628629935947
2015-04-22 20:00:00+00:00,926789.6359999661,-0.001268584123114258
2015-04-23 20:00:00+00:00,928439.4299999655,0.0017801170146010126
2015-04-24 20:00:00+00:00,946895.054999965,0.01987811418134222
2015-04-27 20:00:00+00:00,935242.2649999647,-0.012306316247475468
2015-04-28 20:00:00+00:00,922729.3649999643,-0.013379314075375959
2015-04-29 20:00:00+00:00,927294.1629999643,0.004947060506739431
2015-04-30 20:00:00+00:00,929829.1309999634,0.0027337258241741935
2015-05-01 20:00:00+00:00,931477.3719999632,0.0017726278356402503
2015-05-04 20:00:00+00:00,926739.5539999626,-0.005086347926872348
2015-05-05 20:00:00+00:00,913913.8569999625,-0.013839591657270223
2015-05-06 20:00:00+00:00,911845.1359999619,-0.0022635842362555003
2015-05-07 20:00:00+00:00,920273.688999961,0.009243404024693369
2015-05-08 20:00:00+00:00,923921.0759999604,0.0039633720311649245
2015-05-11 20:00:00+00:00,915544.0339999599,-0.009066837219763646
2015-05-12 20:00:00+00:00,909449.6289999596,-0.006656594083601086
2015-05-13 20:00:00+00:00,908413.3529999591,-0.0011394539806892645
2015-05-14 20:00:00+00:00,903781.6289999586,-0.005098696518170409
2015-05-15 20:00:00+00:00,907451.3549999574,0.004060412252525403
2015-05-18 20:00:00+00:00,905687.368999957,-0.00194389042484866
2015-05-19 20:00:00+00:00,901268.0329999563,-0.0048795380738062555
2015-05-20 20:00:00+00:00,894806.1359999558,-0.007169783863842816
2015-05-21 20:00:00+00:00,898301.398999955,0.0039061678942258204
2015-05-22 20:00:00+00:00,892730.0399999545,-0.006202104334027347
2015-05-26 20:00:00+00:00,887325.3619999537,-0.0060541011927872646
2015-05-27 20:00:00+00:00,886302.1239999533,-0.0011531711408475642
2015-05-28 20:00:00+00:00,886589.9419999531,0.00032474028009876754
2015-05-29 20:00:00+00:00,886255.5589999527,-0.0003771563201429018
2015-06-01 20:00:00+00:00,876587.0389999525,-0.010909404067276252
2015-06-02 20:00:00+00:00,883237.4419999514,0.0075867001268761225
2015-06-03 20:00:00+00:00,887578.1599999507,0.004914553882781947
2015-06-04 20:00:00+00:00,890711.9129999502,0.0035306783573851863
2015-06-05 20:00:00+00:00,880429.21499995,-0.011544358899801543
2015-06-08 20:00:00+00:00,889492.2639999494,0.010293898527662826
2015-06-09 20:00:00+00:00,884420.8169999486,-0.00570150770867317
2015-06-10 20:00:00+00:00,879579.3809999481,-0.005474131665538007
2015-06-11 20:00:00+00:00,873973.3049999478,-0.006373587331739317
2015-06-12 20:00:00+00:00,867989.2959999474,-0.0068469013478629215
2015-06-15 20:00:00+00:00,857912.6739999471,-0.011609154682479916
2015-06-16 20:00:00+00:00,855630.2679999466,-0.0026604176266088464
2015-06-17 20:00:00+00:00,861727.0689999462,0.00712550879511431
2015-06-18 20:00:00+00:00,856707.3319999458,-0.005825205196148597
2015-06-19 20:00:00+00:00,850940.9259999454,-0.006730893719024245
2015-06-22 20:00:00+00:00,832531.5759999447,-0.021634110474082258
2015-06-23 20:00:00+00:00,835303.6399999446,0.0033296803147320198
2015-06-24 20:00:00+00:00,839616.5799999445,0.005163320011391637
2015-06-25 20:00:00+00:00,840948.6369999442,0.0015865063074382846
2015-06-26 20:00:00+00:00,817758.9129999436,-0.02757567225833102
2015-06-29 20:00:00+00:00,824356.8789999429,0.008068351069136837
2015-06-30 20:00:00+00:00,823067.7319999429,-0.0015638214865920652
2015-07-01 20:00:00+00:00,821966.3439999423,-0.001338149896029095
2015-07-02 20:00:00+00:00,825178.444999942,0.003907825452279079
2015-07-06 20:00:00+00:00,820353.3549999415,-0.005847329179812455
2015-07-07 20:00:00+00:00,824676.9979999411,0.005270464213558146
2015-07-08 20:00:00+00:00,825820.8879999409,0.001387076398121856
2015-07-09 20:00:00+00:00,833085.4819999405,0.008796815514794831
2015-07-10 20:00:00+00:00,829210.4549999402,-0.004651415831539496
2015-07-13 20:00:00+00:00,836537.2649999396,0.008835887145199894
2015-07-14 20:00:00+00:00,823941.0099999392,-0.015057613721489504
2015-07-15 20:00:00+00:00,824653.6549999389,0.0008649223565164732
2015-07-16 20:00:00+00:00,836573.9599999385,0.01445492289729855
2015-07-17 20:00:00+00:00,833366.4979999384,-0.003834044750807508
2015-07-20 20:00:00+00:00,834443.3009999378,0.0012921121770357313
2015-07-21 20:00:00+00:00,830271.5929999375,-0.004999390605690324
2015-07-22 20:00:00+00:00,830557.3079999371,0.00034412233588199115
2015-07-23 20:00:00+00:00,829699.8549999365,-0.0010323827046508915
2015-07-24 20:00:00+00:00,811444.1509999359,-0.022002780752567452
2015-07-27 20:00:00+00:00,808661.7089999357,-0.0034290000076672156
2015-07-28 20:00:00+00:00,801107.1549999348,-0.009342044906940683
2015-07-29 20:00:00+00:00,792442.4509999343,-0.010815911387036858
2015-07-30 20:00:00+00:00,798754.3189999337,0.007965080608736574
2015-07-31 20:00:00+00:00,802724.2149999336,0.004970108962879083
2015-08-03 20:00:00+00:00,799939.7569999337,-0.0034687604384777693
2015-08-04 20:00:00+00:00,806091.4659999332,0.007690215352054164
2015-08-05 20:00:00+00:00,811987.6969999328,0.007314593006744641
2015-08-06 20:00:00+00:00,832931.4569999322,0.025793198686852925
2015-08-07 20:00:00+00:00,826385.7629999316,-0.00785862263334014
2015-08-10 20:00:00+00:00,815886.3229999314,-0.012705252764623198
2015-08-11 20:00:00+00:00,814779.6349999313,-0.0013564242576477037
2015-08-12 20:00:00+00:00,802088.4539999305,-0.015576212824712887
2015-08-13 20:00:00+00:00,816220.4669999301,0.017619020607421376
2015-08-14 20:00:00+00:00,810887.8979999293,-0.006533245876081728
2015-08-17 20:00:00+00:00,814817.9029999287,0.004846545385241097
2015-08-18 20:00:00+00:00,818974.8969999282,0.005101746027786902
2015-08-19 20:00:00+00:00,822818.0349999281,0.004692620023004412
2015-08-20 20:00:00+00:00,824081.3339999273,0.0015353321709814516
2015-08-21 20:00:00+00:00,815972.9289999267,-0.009839326126517278
2015-08-24 20:00:00+00:00,834938.0789999265,0.023242376463694647
2015-08-25 20:00:00+00:00,825983.3819999258,-0.010724983355324236
2015-08-26 20:00:00+00:00,835970.0359999256,0.012090623392227773
2015-08-27 20:00:00+00:00,784380.420999925,-0.061712277687432815
2015-08-28 20:00:00+00:00,770325.9219999246,-0.017917962539253374
2015-08-31 20:00:00+00:00,760974.3069999239,-0.012139816060872
2015-09-01 20:00:00+00:00,748225.4219999234,-0.016753371148970686
2015-09-02 20:00:00+00:00,741357.359999923,-0.009179134787538734
2015-09-03 20:00:00+00:00,736525.7599999225,-0.00651723481911759
2015-09-04 20:00:00+00:00,734607.890999922,-0.0026039401527527817
2015-09-08 20:00:00+00:00,733239.0479999215,-0.0018633654998414517
2015-09-09 20:00:00+00:00,728107.333999921,-0.0069986916463307125
2015-09-10 20:00:00+00:00,729040.1499999205,0.0012811517704058861
2015-09-11 20:00:00+00:00,731870.4679999202,0.003882252575526879
2015-09-14 20:00:00+00:00,729406.3109999194,-0.0033669304989653037
2015-09-15 20:00:00+00:00,737336.112999919,0.010871584027191794
2015-09-16 20:00:00+00:00,731152.3489999184,-0.008386628419488784
2015-09-17 20:00:00+00:00,723804.8569999178,-0.010049194275380202
2015-09-18 20:00:00+00:00,726565.3619999173,0.003813880182348406
2015-09-21 20:00:00+00:00,727170.2339999169,0.0008325087206670911
2015-09-22 20:00:00+00:00,728593.9319999161,0.001957860667876732
2015-09-23 20:00:00+00:00,745617.3999999157,0.023364822643076266
2015-09-24 20:00:00+00:00,748988.8699999151,0.00452171582905625
2015-09-25 20:00:00+00:00,753814.8539999145,0.006443332061796703
2015-09-28 20:00:00+00:00,760881.1849999141,0.009374093602035227
2015-09-29 20:00:00+00:00,766662.6969999135,0.0075984425873272254
2015-09-30 20:00:00+00:00,769630.3699999133,0.003870897868923029
2015-10-01 20:00:00+00:00,762948.7909999132,-0.008681542803463893
2015-10-02 20:00:00+00:00,755849.7319999124,-0.009304764728307324
2015-10-05 20:00:00+00:00,742805.3029999121,-0.017257966031800964
2015-10-06 20:00:00+00:00,719996.5139999116,-0.030706281858630002
2015-10-07 20:00:00+00:00,723966.6069999111,0.005514044752722214
2015-10-08 20:00:00+00:00,722971.6129999107,-0.001374364494687974
2015-10-09 20:00:00+00:00,717289.2689999103,-0.007859705551123919
2015-10-12 20:00:00+00:00,723679.52399991,0.008908895303716635
2015-10-13 20:00:00+00:00,724618.7659999091,0.0012978700776384855
2015-10-14 20:00:00+00:00,716595.3909999086,-0.011072546525798366
2015-10-15 20:00:00+00:00,723364.4579999081,0.009446149228722112
2015-10-16 20:00:00+00:00,724916.2339999079,0.00214522013466123
2015-10-19 20:00:00+00:00,716157.1829999075,-0.012082845698833444
2015-10-20 20:00:00+00:00,714718.0199999071,-0.002009563031919792
2015-10-21 20:00:00+00:00,719894.6069999061,0.007242838231502402
2015-10-22 20:00:00+00:00,740818.9989999059,0.029065910199272293
2015-10-23 20:00:00+00:00,738127.3029999053,-0.003633405735590345
2015-10-26 20:00:00+00:00,738968.0429999048,0.0011390176146885977
2015-10-27 20:00:00+00:00,734917.153999904,-0.005481818920823445
2015-10-28 20:00:00+00:00,734430.8979999037,-0.0006616473671268164
2015-10-29 20:00:00+00:00,736720.696999903,0.0031177868554213006
2015-10-30 20:00:00+00:00,737483.2789999027,0.001035103266550097
2015-11-02 21:00:00+00:00,736643.9459999019,-0.001138104447790389
2015-11-03 21:00:00+00:00,739018.8379999015,0.0032239347284339637
2015-11-04 21:00:00+00:00,745919.5229999012,0.009337630714090883
2015-11-05 21:00:00+00:00,741849.0559999009,-0.005456978768473397
2015-11-06 21:00:00+00:00,732684.7389999005,-0.012353344559626445
2015-11-09 21:00:00+00:00,740560.1879998998,0.010748755338823024
2015-11-10 21:00:00+00:00,756712.7079998994,0.021811218401605048
2015-11-11 21:00:00+00:00,757368.4499998988,0.0008665666547778006
2015-11-12 21:00:00+00:00,757122.0259998984,-0.00032536871584809557
2015-11-13 21:00:00+00:00,757769.8829998979,0.0008556837309598997
2015-11-16 21:00:00+00:00,764929.7199998972,0.009448563687507017
2015-11-17 21:00:00+00:00,768934.6119998967,0.005235633935102069
2015-11-18 21:00:00+00:00,750798.4319998964,-0.02358611475796424
2015-11-19 21:00:00+00:00,746761.0239998957,-0.005377485924213166
2015-11-20 21:00:00+00:00,738978.1869998951,-0.010422125351846945
2015-11-23 21:00:00+00:00,744582.0999998943,0.007583326678084923
2015-11-24 21:00:00+00:00,738686.6209998938,-0.007917836058644712
2015-11-25 21:00:00+00:00,744389.7649998926,0.007720654250213732
2015-11-27 18:00:00+00:00,743206.0599998919,-0.0015901682903993741
2015-11-30 21:00:00+00:00,747195.9469998914,0.005368480176278556
2015-12-01 21:00:00+00:00,750223.1419998909,0.004051407147153574
2015-12-02 21:00:00+00:00,758491.6049998904,0.011021338235392308
2015-12-03 21:00:00+00:00,763601.8569998901,0.006737387686710505
2015-12-04 21:00:00+00:00,767832.8679998897,0.005540860019150218
2015-12-07 21:00:00+00:00,778809.3009998892,0.014295341417972507
2015-12-08 21:00:00+00:00,775781.7519998887,-0.003887407348773908
2015-12-09 21:00:00+00:00,766988.7619998885,-0.011334360440075741
2015-12-10 21:00:00+00:00,771141.447999888,0.005414272288907673
2015-12-11 21:00:00+00:00,763345.4759998872,-0.010109652412305437
2015-12-14 21:00:00+00:00,763200.4129998863,-0.00019003584164944964
2015-12-15 21:00:00+00:00,753258.050999886,-0.013027196828838461
2015-12-16 21:00:00+00:00,762821.3589998855,0.012695925370203476
2015-12-17 21:00:00+00:00,761735.3259998852,-0.0014237055467667403
2015-12-18 21:00:00+00:00,760584.877999885,-0.001510298867247739
2015-12-21 21:00:00+00:00,757917.2319998844,-0.003507361344095794
2015-12-22 21:00:00+00:00,753894.6189998836,-0.00530745684378553
2015-12-23 21:00:00+00:00,745050.7949998832,-0.011730849083035899
2015-12-24 18:00:00+00:00,745050.7949998832,0.0010218417389911139
2015-12-28 21:00:00+00:00,759113.7339998825,0.01783507489505154
2015-12-29 21:00:00+00:00,761262.7829998819,0.002830997390438128
2015-12-30 21:00:00+00:00,765054.2029998815,0.004980435251358051
2015-12-31 21:00:00+00:00,756277.1769998812,-0.011472423738846715
2016-01-04 21:00:00+00:00,749722.5629998809,-0.00866694672183832
2016-01-05 21:00:00+00:00,744161.7529998802,-0.007417157058405732
2016-01-06 21:00:00+00:00,762284.2369998798,0.024352882860404712
2016-01-07 21:00:00+00:00,775862.3999998793,0.01781246724114216
2016-01-08 21:00:00+00:00,775024.1149998787,-0.0010804557612287269
2016-01-11 21:00:00+00:00,804211.458999878,0.037659917201420035
2016-01-12 21:00:00+00:00,815344.5679998775,0.013843509533978393
2016-01-13 21:00:00+00:00,836139.0409998769,0.025503908183273083
2016-01-14 21:00:00+00:00,828533.9939998763,-0.009095433447176782
2016-01-15 21:00:00+00:00,849075.584999876,0.024792695470263082
2016-01-19 21:00:00+00:00,861369.9369998755,0.014479690874636741
2016-01-20 21:00:00+00:00,870415.0029998748,0.010500791369040474
2016-01-21 21:00:00+00:00,855447.1859998744,-0.017196184519354563
2016-01-22 21:00:00+00:00,832008.0759998742,-0.027399832957079484
2016-01-25 21:00:00+00:00,812693.0469998737,-0.023214953745236633
2016-01-26 21:00:00+00:00,806425.765999873,-0.007711744333407045
2016-01-27 21:00:00+00:00,810578.9089998727,0.005150062380323783
2016-01-28 21:00:00+00:00,798465.479999872,-0.014944169982101796
2016-01-29 21:00:00+00:00,796691.9199998712,-0.002221210615142799
2016-02-01 21:00:00+00:00,804819.0189998705,0.010201056137233877
2016-02-02 21:00:00+00:00,804850.6299998696,3.927715331375481e-05
2016-02-03 21:00:00+00:00,805457.1869998694,0.0007536267940797536
2016-02-04 21:00:00+00:00,804706.5659998687,-0.0009319191784687986
2016-02-05 21:00:00+00:00,802937.2819998682,-0.0021986697695227653
2016-02-08 21:00:00+00:00,800637.5159998679,-0.0028641913279606745
2016-02-09 21:00:00+00:00,808613.1419998673,0.009961594155426301
2016-02-10 21:00:00+00:00,811666.5269998667,0.00377607639723454
2016-02-11 21:00:00+00:00,818826.9559998665,0.008821885296251608
2016-02-12 21:00:00+00:00,826489.0059998658,0.009357349491069478
2016-02-16 21:00:00+00:00,834454.5539998657,0.009637814831382263
2016-02-17 21:00:00+00:00,842664.0269998652,0.009838130741390616
2016-02-18 21:00:00+00:00,828171.8129998642,-0.017198092639123863
2016-02-19 21:00:00+00:00,835121.9279998639,0.008392117300906943
2016-02-22 21:00:00+00:00,828268.152999863,-0.008206915385895575
2016-02-23 21:00:00+00:00,815340.8489998624,-0.01560763136090626
2016-02-24 21:00:00+00:00,814201.277999862,-0.0013976620960403086
2016-02-25 21:00:00+00:00,819232.2079998617,0.006178975808486253
2016-02-26 21:00:00+00:00,831165.456999861,0.014566381647926452
2016-02-29 21:00:00+00:00,829740.3289998603,-0.0017146140855573977
2016-03-01 21:00:00+00:00,833871.95399986,0.004979419290104703
2016-03-02 21:00:00+00:00,859706.0079998593,0.030980840494850836
2016-03-03 21:00:00+00:00,848708.3989998586,-0.012792290501245862
2016-03-04 21:00:00+00:00,846454.8429998584,-0.0026552771277577047
2016-03-07 21:00:00+00:00,856683.5589998577,0.012084183916708957
2016-03-08 21:00:00+00:00,854608.6489998571,-0.002422026170810332
2016-03-09 21:00:00+00:00,861890.8619998567,0.008521108472892003
2016-03-10 21:00:00+00:00,867667.3449998557,0.006702104935415898
2016-03-11 21:00:00+00:00,872147.8619998554,0.005163864960251896
2016-03-14 20:00:00+00:00,881681.146999855,0.010930812784588628
2016-03-15 20:00:00+00:00,879028.1069998546,-0.0030090696722142596
2016-03-16 20:00:00+00:00,880585.3799998539,0.0017715849898296554
2016-03-17 20:00:00+00:00,867765.0719998536,-0.01455884720684586
2016-03-18 20:00:00+00:00,875484.8929998534,0.008896210793790882
2016-03-21 20:00:00+00:00,879767.5039998529,0.004891701769204948
2016-03-22 20:00:00+00:00,887617.3249998527,0.00892260848952775
2016-03-23 20:00:00+00:00,885655.0389998523,-0.0022107342260367924
2016-03-24 20:00:00+00:00,892499.9769998516,0.007728672788594126
2016-03-28 20:00:00+00:00,895186.6799998507,0.0030103115621700205
2016-03-29 20:00:00+00:00,892925.1219998504,-0.002526353497575129
2016-03-30 20:00:00+00:00,897473.7339998498,0.005094057595570911
2016-03-31 20:00:00+00:00,895996.7049998493,-0.0016457629276989127
2016-04-01 20:00:00+00:00,899746.379999849,0.004184920523787383
2016-04-04 20:00:00+00:00,888115.3309998487,-0.012927030615007662
2016-04-05 20:00:00+00:00,891586.0929998481,0.0039080082043982944
2016-04-06 20:00:00+00:00,894214.8819998476,0.0029484410093865154
2016-04-07 20:00:00+00:00,902260.4909998475,0.008997400023142754
2016-04-08 20:00:00+00:00,904823.6529998468,0.002840822606738458
2016-04-11 20:00:00+00:00,891375.0039998463,-0.014863281873117473
2016-04-12 20:00:00+00:00,890596.1129998455,-0.0008738084380934819
2016-04-13 20:00:00+00:00,882858.6999998455,-0.008687903402068153
2016-04-14 20:00:00+00:00,878389.5489998452,-0.00506213621726892
2016-04-15 20:00:00+00:00,881707.7799998444,0.0037776303278851397
2016-04-18 20:00:00+00:00,876967.7019998438,-0.0053760192520942995
2016-04-19 20:00:00+00:00,868950.1649998435,-0.009142340113230008
2016-04-20 20:00:00+00:00,859856.7119998427,-0.010464872861842944
2016-04-21 20:00:00+00:00,859727.8629998429,-0.00014984938560291816
2016-04-22 20:00:00+00:00,847434.4379998422,-0.01429920504972959
2016-04-25 20:00:00+00:00,856167.447999842,0.01030523378376258
2016-04-26 20:00:00+00:00,844038.5869998414,-0.014166458942506788
2016-04-27 20:00:00+00:00,839303.500999841,-0.005610034982916345
2016-04-28 20:00:00+00:00,841251.4199998409,0.002320875580382298
2016-04-29 20:00:00+00:00,836659.4139998403,-0.005458541752002666
2016-05-02 20:00:00+00:00,827880.77399984,-0.01049248936079239
2016-05-03 20:00:00+00:00,834205.3529998395,0.007639480464611825
2016-05-04 20:00:00+00:00,828927.7349998388,-0.006326521378725469
2016-05-05 20:00:00+00:00,828584.101999838,-0.000414551215373149
2016-05-06 20:00:00+00:00,830721.330999837,0.002579374857471617
2016-05-09 20:00:00+00:00,819595.3189998366,-0.013393194064981406
2016-05-10 20:00:00+00:00,822612.081999836,0.003680795790391933
2016-05-11 20:00:00+00:00,828019.393999836,0.006573343764723516
2016-05-12 20:00:00+00:00,821183.7099998354,-0.008255463639541216
2016-05-13 20:00:00+00:00,813814.8889998344,-0.008973413513040263
2016-05-16 20:00:00+00:00,826603.7199998338,0.015714668253018482
2016-05-17 20:00:00+00:00,842442.8239998334,0.019161665519727755
2016-05-18 20:00:00+00:00,846855.9619998329,0.005238501503338044
2016-05-19 20:00:00+00:00,850363.5109998325,0.004141848386727487
2016-05-20 20:00:00+00:00,854368.9289998324,0.004710242088457495
2016-05-23 20:00:00+00:00,865828.312999832,0.013412688138617845
2016-05-24 20:00:00+00:00,856529.1229998317,-0.010740223968631168
2016-05-25 20:00:00+00:00,865225.1619998313,0.010152648364767147
2016-05-26 20:00:00+00:00,854514.322999831,-0.01237925047769528
2016-05-27 20:00:00+00:00,850598.8069998312,-0.004582153738809325
2016-05-31 20:00:00+00:00,848022.1909998307,-0.00302917894875554
2016-06-01 20:00:00+00:00,840133.9319998303,-0.009301948797707849
2016-06-02 20:00:00+00:00,839904.6439998298,-0.0002729183898747545
2016-06-03 20:00:00+00:00,844121.275999829,0.005020369907610789
2016-06-06 20:00:00+00:00,853185.3979998281,0.010737938087466148
2016-06-07 20:00:00+00:00,850689.3439998274,-0.002925570463175098
2016-06-08 20:00:00+00:00,844094.6469998267,-0.007752180095489836
2016-06-09 20:00:00+00:00,830668.7729998262,-0.015905649973874558
2016-06-10 20:00:00+00:00,821975.1309998258,-0.010465834617334635
2016-06-13 20:00:00+00:00,827906.6229998253,0.007216145326421897
2016-06-14 20:00:00+00:00,824746.0279998251,-0.003817574243515698
2016-06-15 20:00:00+00:00,832437.4009998249,0.009325747246886396
2016-06-16 20:00:00+00:00,828735.3559998247,-0.004447235306286879
2016-06-17 20:00:00+00:00,829439.0969998243,0.0008491745825789376
2016-06-20 20:00:00+00:00,831614.1449998239,0.002622311882652939
2016-06-21 20:00:00+00:00,829720.5669998233,-0.002276991091825331
2016-06-22 20:00:00+00:00,827075.621999823,-0.0031877539321029102
2016-06-23 20:00:00+00:00,826939.2409998227,-0.0001648954416894055
2016-06-24 20:00:00+00:00,812011.9939998222,-0.01805120166017582
2016-06-27 20:00:00+00:00,813246.8999998214,0.0015207977334377176
2016-06-28 20:00:00+00:00,828847.877999821,0.01918356897518203
2016-06-29 20:00:00+00:00,841104.7669998205,0.01478786315961611
2016-06-30 20:00:00+00:00,839907.4539998204,-0.0014235004329732348
2016-07-01 20:00:00+00:00,840989.70799982,0.0012885395823618584
2016-07-05 20:00:00+00:00,812547.6659998194,-0.033819726602417166
2016-07-06 20:00:00+00:00,814636.128999819,0.0025702652132164605
2016-07-07 20:00:00+00:00,813509.5599998187,-0.001382910676185567
2016-07-08 20:00:00+00:00,817026.967999818,0.004323745132140955
2016-07-11 20:00:00+00:00,808278.5339998173,-0.010707644108024827
2016-07-12 20:00:00+00:00,809421.5559998167,0.0014141437040806615
2016-07-13 20:00:00+00:00,808804.6009998164,-0.0007622171604242389
2016-07-14 20:00:00+00:00,810398.5799998158,0.00197078379379767
2016-07-15 20:00:00+00:00,812664.4299998153,0.0027959698547350698
2016-07-18 20:00:00+00:00,816757.7409998148,0.005036901885813405
2016-07-19 20:00:00+00:00,806859.3089998143,-0.012119177453872143
2016-07-20 20:00:00+00:00,806561.1329998138,-0.0003695514158102986
2016-07-21 20:00:00+00:00,806964.9809998131,0.000500703521997492
2016-07-22 20:00:00+00:00,809629.5199998126,0.003301926431427349
2016-07-25 20:00:00+00:00,804606.0089998122,-0.006204703356174068
2016-07-26 20:00:00+00:00,814786.7519998116,0.012653078508144455
2016-07-27 20:00:00+00:00,812859.4589998109,-0.002365395602310083
2016-07-28 20:00:00+00:00,817813.2509998102,0.0060942785928759236
2016-07-29 20:00:00+00:00,817998.95599981,0.00022707506851071813
2016-08-01 20:00:00+00:00,810946.3169998095,-0.008621819072348824
2016-08-02 20:00:00+00:00,824772.2139998089,0.01704909031605184
2016-08-03 20:00:00+00:00,826920.6999998082,0.002604944690825617
2016-08-04 20:00:00+00:00,829212.990999808,0.0027720808053302015
2016-08-05 20:00:00+00:00,827157.7559998074,-0.002478536904640838
2016-08-08 20:00:00+00:00,831491.3809998066,0.005239175923292816
2016-08-09 20:00:00+00:00,828692.3869998064,-0.0033662333296041735
2016-08-10 20:00:00+00:00,826226.6209998061,-0.0029754901078883345
2016-08-11 20:00:00+00:00,828684.5259998057,0.002974855732710724
2016-08-12 20:00:00+00:00,825676.3099998051,-0.0036301100184913393
2016-08-15 20:00:00+00:00,818727.6669998046,-0.008415698641035418
2016-08-16 20:00:00+00:00,823511.9189998043,0.0058435206147746666
2016-08-17 20:00:00+00:00,825037.102999804,0.0018520484826158867
2016-08-18 20:00:00+00:00,830095.3239998035,0.006130901242632714
2016-08-19 20:00:00+00:00,833645.6919998033,0.0042770605945499085
2016-08-22 20:00:00+00:00,829528.0509998025,-0.004939317793537845
2016-08-23 20:00:00+00:00,824632.6539998017,-0.0059014243027714075
2016-08-24 20:00:00+00:00,825843.5349998015,0.0014683883716302137
2016-08-25 20:00:00+00:00,832196.8519998008,0.00769312433983127
2016-08-26 20:00:00+00:00,825748.6619998001,-0.007748395087659121
2016-08-29 20:00:00+00:00,826492.0639997999,0.0009002763603629393
2016-08-30 20:00:00+00:00,820069.2269997997,-0.007771202265290822
2016-08-31 20:00:00+00:00,815188.0929997993,-0.0059520999438765765
2016-09-01 20:00:00+00:00,811735.1739997986,-0.004235732869078523
2016-09-02 20:00:00+00:00,816545.614999798,0.0059261211711403305
2016-09-06 20:00:00+00:00,827458.5689997975,0.013364781831572525
2016-09-07 20:00:00+00:00,832172.8539997964,0.005697306398914304
2016-09-08 20:00:00+00:00,833284.456999796,0.0013357837793634975
2016-09-09 20:00:00+00:00,821812.2549997955,-0.01376744988296752
2016-09-12 20:00:00+00:00,815824.9009997948,-0.007285549666087965
2016-09-13 20:00:00+00:00,818783.1309997945,0.0036260599503328272
2016-09-14 20:00:00+00:00,828781.0259997938,0.012210675356478351
2016-09-15 20:00:00+00:00,829674.2909997933,0.0010778058039178084
2016-09-16 20:00:00+00:00,826262.9439997927,-0.004111670130081846
2016-09-19 20:00:00+00:00,833507.6049997922,0.0087679848801272
2016-09-20 20:00:00+00:00,829201.5439997917,-0.005166192814763382
2016-09-21 20:00:00+00:00,832552.414999791,0.004041081476809261
2016-09-22 20:00:00+00:00,838108.8989997902,0.006674035051595695
2016-09-23 20:00:00+00:00,837815.2759997899,-0.00035033991447963597
2016-09-26 20:00:00+00:00,837076.9589997896,-0.0008812407951375167
2016-09-27 20:00:00+00:00,844654.361999789,0.009052217861848177
2016-09-28 20:00:00+00:00,834301.1869997887,-0.012257291817552751
2016-09-29 20:00:00+00:00,842037.0049997884,0.009272212626016074
2016-09-30 20:00:00+00:00,841959.1449997877,-9.246624499681388e-05
2016-10-03 20:00:00+00:00,838777.713999787,-0.0037786049583219405
2016-10-04 20:00:00+00:00,840660.9069997869,0.002245163371138892
2016-10-05 20:00:00+00:00,830082.0669997864,-0.012583956161057785
2016-10-06 20:00:00+00:00,827138.223999786,-0.003546448136918068
2016-10-07 20:00:00+00:00,830086.9929997853,0.003565025668551547
2016-10-10 20:00:00+00:00,833515.4909997851,0.0041302875830036
2016-10-11 20:00:00+00:00,831594.6979997845,-0.0023044478725844364
2016-10-12 20:00:00+00:00,829058.698999784,-0.003049561290013436
2016-10-13 20:00:00+00:00,833690.8429997833,0.005587232852858115
2016-10-14 20:00:00+00:00,838507.829999783,0.005777905611469958
2016-10-17 20:00:00+00:00,837924.4959997823,-0.0006956810409282088
2016-10-18 20:00:00+00:00,860108.286999782,0.026474689671807106
2016-10-19 20:00:00+00:00,857353.9559997806,-0.0032023072462294966
2016-10-20 20:00:00+00:00,860867.1229997799,0.0040976856471171
2016-10-21 20:00:00+00:00,856217.0089997788,-0.005401662899841342
2016-10-24 20:00:00+00:00,868867.8589997787,0.014775284614794604
2016-10-25 20:00:00+00:00,864723.115999778,-0.0047702800340341245
2016-10-26 20:00:00+00:00,875511.2669997778,0.01247584434877358
2016-10-27 20:00:00+00:00,868188.8559997772,-0.008363582829828298
2016-10-28 20:00:00+00:00,871833.7829997769,0.004198311202465721
2016-10-31 20:00:00+00:00,872328.6629997763,0.0005676311352569297
2016-11-01 20:00:00+00:00,869104.3779997757,-0.0036961814242270075
2016-11-02 20:00:00+00:00,857306.0929997752,-0.013575222146681498
2016-11-03 20:00:00+00:00,868972.3899997751,0.013608088284055908
2016-11-04 20:00:00+00:00,862380.4139997745,-0.007585944128791322
2016-11-07 21:00:00+00:00,870928.7069997739,0.00991243871176506
2016-11-08 21:00:00+00:00,873789.8839997734,0.0032852023099065875
2016-11-09 21:00:00+00:00,886902.7559997729,0.015006893808355182
2016-11-10 21:00:00+00:00,876746.3169997722,-0.011451581282495571
2016-11-11 21:00:00+00:00,900287.1399997714,0.026850210310042533
2016-11-14 21:00:00+00:00,897030.2859997712,-0.0036175725002591808
2016-11-15 21:00:00+00:00,907440.041999771,0.011604687336055575
2016-11-16 21:00:00+00:00,919675.9979997708,0.013484037990030506
2016-11-17 21:00:00+00:00,915448.59999977,-0.004596616644552021
2016-11-18 21:00:00+00:00,913961.6249997693,-0.0016243129324804428
2016-11-21 21:00:00+00:00,925062.455999769,0.012145839274162684
2016-11-22 21:00:00+00:00,923020.4629997686,-0.002207410955613387
2016-11-23 21:00:00+00:00,935771.5639997675,0.013814537717353081
2016-11-25 18:00:00+00:00,935011.4449997674,-0.0008122911928967191
2016-11-28 21:00:00+00:00,922351.6989997672,-0.013539669559877177
2016-11-29 21:00:00+00:00,914859.0119997662,-0.008123459856068216
2016-11-30 21:00:00+00:00,924762.5589997664,0.01082521664005065
2016-12-01 21:00:00+00:00,912753.0979997661,-0.012986534633268154
2016-12-02 21:00:00+00:00,917031.6049997654,0.0046874746405960455
2016-12-05 21:00:00+00:00,928288.6179997649,0.01227549076675749
2016-12-06 21:00:00+00:00,928043.9489997646,-0.0002635699665557434
2016-12-07 21:00:00+00:00,935716.6339997638,0.008267587982518032
2016-12-08 21:00:00+00:00,932117.8459997632,-0.0038460233250501297
2016-12-09 21:00:00+00:00,929565.1769997624,-0.0027385689598753427
2016-12-12 21:00:00+00:00,928078.3039997622,-0.0015995360376980239
2016-12-13 21:00:00+00:00,932162.2259997616,0.004400406713958249
2016-12-14 21:00:00+00:00,928437.4619997616,-0.0039958323734961
2016-12-15 21:00:00+00:00,926701.5629997612,-0.0018696994370105413
2016-12-16 21:00:00+00:00,923510.9729997608,-0.00344295307938447
2016-12-19 21:00:00+00:00,931492.1839997602,0.008642248152260557
2016-12-20 21:00:00+00:00,945841.0059997597,0.015404124958286358
2016-12-21 21:00:00+00:00,945591.3299997591,-0.0002639724841879687
2016-12-22 21:00:00+00:00,943021.4139997589,-0.0027177871861419067
2016-12-23 21:00:00+00:00,938469.6299997583,-0.0048268087367120405
2016-12-27 21:00:00+00:00,940330.739999758,0.0019831329011681387
2016-12-28 21:00:00+00:00,930872.4269997575,-0.010058496013862994
2016-12-29 21:00:00+00:00,923200.2349997574,-0.00824193710917831
2016-12-30 21:00:00+00:00,924675.3749997573,0.0015978548792292546
2017-01-03 21:00:00+00:00,936375.8809997571,0.012653636418081149
2017-01-04 21:00:00+00:00,958199.2169997566,0.02330617056977058
2017-01-05 21:00:00+00:00,948010.5099997565,-0.010633182347927872
2017-01-06 21:00:00+00:00,962513.6699997557,0.01529852237608953
2017-01-09 21:00:00+00:00,961642.7389997549,-0.0009048505253966832
2017-01-10 21:00:00+00:00,974386.4419997544,0.013252013958171993
2017-01-11 21:00:00+00:00,987408.7939997538,0.013364668717345207
2017-01-12 21:00:00+00:00,982662.2709997536,-0.004807049551152076
2017-01-13 21:00:00+00:00,984981.4299997535,0.0023600773820697807
2017-01-17 21:00:00+00:00,970844.7959997525,-0.014352183269084162
2017-01-18 21:00:00+00:00,979041.5909997516,0.008442950957529893
2017-01-19 21:00:00+00:00,976417.9279997511,-0.002679827929803591
2017-01-20 21:00:00+00:00,978713.6539997504,0.0023511714954909113
2017-01-23 21:00:00+00:00,977919.8509997502,-0.0008110676669893513
2017-01-24 21:00:00+00:00,1001123.1159997495,0.02372716432361832
2017-01-25 21:00:00+00:00,1004765.1629997491,0.003637961147628266
2017-01-26 21:00:00+00:00,1007016.2989997483,0.0022404598436498446
2017-01-27 21:00:00+00:00,1005445.2029997476,-0.0015601495244527142
2017-01-30 21:00:00+00:00,1005953.1039997472,0.0005051503537778501
2017-01-31 21:00:00+00:00,1003528.1899997464,-0.002410563663812093
2017-02-01 21:00:00+00:00,998182.9109997462,-0.0053264861448502065
2017-02-02 21:00:00+00:00,1001905.0119997459,0.0037288767008361035
2017-02-03 21:00:00+00:00,996040.1669997451,-0.005853693643367297
2017-02-06 21:00:00+00:00,1001900.3469997448,0.005883477588711772
2017-02-07 21:00:00+00:00,1002765.8689997445,0.0008638803276110885
2017-02-08 21:00:00+00:00,996146.3459997438,-0.0066012647664241975
2017-02-09 21:00:00+00:00,998458.2159997433,0.0023208136126617873
2017-02-10 21:00:00+00:00,998795.3389997423,0.00033764357345833496
2017-02-13 21:00:00+00:00,995248.3669997421,-0.003551250052440502
2017-02-14 21:00:00+00:00,1000000.4509997417,0.0047747719640325315
2017-02-15 21:00:00+00:00,995167.033999741,-0.004833414820131887
2017-02-16 21:00:00+00:00,993538.9479997399,-0.0016359926970827
2017-02-17 21:00:00+00:00,994576.9779997397,0.0010447803803661504
2017-02-21 21:00:00+00:00,1000924.1249997393,0.006381755399933686
2017-02-22 21:00:00+00:00,1004437.6829997386,0.00351031403104618
2017-02-23 21:00:00+00:00,982417.8939997382,-0.021922503877232713
2017-02-24 21:00:00+00:00,978000.3669997376,-0.004496586459775687
2017-02-27 21:00:00+00:00,976953.3659997366,-0.0010705527680044957
2017-02-28 21:00:00+00:00,979809.2259997366,0.002923230626343587
2017-03-01 21:00:00+00:00,982271.2339997363,0.002512742210084351
2017-03-02 21:00:00+00:00,974329.8149997357,-0.008084751670537793
2017-03-03 21:00:00+00:00,971722.6109997351,-0.002675894712306781
2017-03-06 21:00:00+00:00,967200.2269997343,-0.004653986589185144
2017-03-07 21:00:00+00:00,965631.0979997333,-0.0016223414306554274
2017-03-08 21:00:00+00:00,963736.3579997326,-0.001962177899951234
2017-03-09 21:00:00+00:00,960885.2049997324,-0.0029584366889694458
2017-03-10 21:00:00+00:00,958011.8039997315,-0.0029903686569944243
2017-03-13 20:00:00+00:00,959097.463999731,0.0011332428217134538
2017-03-14 20:00:00+00:00,956120.2739997299,-0.003104157931546725
2017-03-15 20:00:00+00:00,956707.0549997292,0.000613710446222937
2017-03-16 20:00:00+00:00,954259.6089997293,-0.0025581979219340134
2017-03-17 20:00:00+00:00,950097.5389997285,-0.004361569913205798
2017-03-20 20:00:00+00:00,959020.9989997279,0.009392151472567889
2017-03-21 20:00:00+00:00,943961.4679997275,-0.015703025289026784
2017-03-22 20:00:00+00:00,953058.066999727,0.009636621099879727
2017-03-23 20:00:00+00:00,953424.8409997267,0.00038483909081654666
2017-03-24 20:00:00+00:00,957680.9619997261,0.004464034097891423
2017-03-27 20:00:00+00:00,957671.1399997253,-1.0256025117616474e-05
2017-03-28 20:00:00+00:00,951689.2129997246,-0.006246326896728327
2017-03-29 20:00:00+00:00,950046.3759997241,-0.0017262326582668797
2017-03-30 20:00:00+00:00,936340.7999997238,-0.01442621786286813
2017-03-31 20:00:00+00:00,935573.2049997229,-0.0008197816436078531
2017-04-03 20:00:00+00:00,926929.3279997223,-0.009239124158117673
2017-04-04 20:00:00+00:00,934825.372999722,0.008518497323888763
2017-04-05 20:00:00+00:00,932351.4809997211,-0.002646368050604475
2017-04-06 20:00:00+00:00,936699.9249997209,0.004663953550368305
2017-04-07 20:00:00+00:00,938759.7289997205,0.002199000923374994
2017-04-10 20:00:00+00:00,936486.5859997201,-0.0024214321617976875
2017-04-11 20:00:00+00:00,934776.7509997198,-0.0018257976414847166
2017-04-12 20:00:00+00:00,935794.7749997195,0.0010890557546610058
2017-04-13 20:00:00+00:00,939893.7599997187,0.004380217874159875
2017-04-17 20:00:00+00:00,945220.9229997181,0.005667835266829568
2017-04-18 20:00:00+00:00,950140.297999718,0.005204471124473198
2017-04-19 20:00:00+00:00,952075.1789997179,0.002036416099888916
2017-04-20 20:00:00+00:00,955933.3669997177,0.004052398471361629
2017-04-21 20:00:00+00:00,957205.7249997167,0.0013310111812421255
2017-04-24 20:00:00+00:00,955827.2049997164,-0.0014401501829721663
2017-04-25 20:00:00+00:00,964130.9809997161,0.008687528411583711
2017-04-26 20:00:00+00:00,966272.9349997159,0.0022216421235408124
2017-04-27 20:00:00+00:00,966536.0849997153,0.0002723350623492493
2017-04-28 20:00:00+00:00,975033.9319997149,0.008792063878300116
2017-05-01 20:00:00+00:00,968630.2609997145,-0.006567639124996472
2017-05-02 20:00:00+00:00,991102.6739997137,0.023200197128681044
2017-05-03 20:00:00+00:00,990804.1429997131,-0.00030121097221536
2017-05-04 20:00:00+00:00,1002886.6279997132,0.012194625027929007
2017-05-05 20:00:00+00:00,991765.0819997126,-0.011089534638808352
2017-05-08 20:00:00+00:00,984770.3699997121,-0.007052791156850313
2017-05-09 20:00:00+00:00,987985.2089997113,0.0032645569951501585
2017-05-10 20:00:00+00:00,990450.7439997103,0.002495518128753371
2017-05-11 20:00:00+00:00,995820.61199971,0.005421640634358793
2017-05-12 20:00:00+00:00,995549.8199997097,-0.0002719284946879341
2017-05-15 20:00:00+00:00,991050.8369997089,-0.004519093780763428
2017-05-16 20:00:00+00:00,1009624.2149997083,0.01874109511498734
2017-05-17 20:00:00+00:00,1012631.7319997076,0.002978847927097572
2017-05-18 20:00:00+00:00,1007842.1429997069,-0.00472984289218592
2017-05-19 20:00:00+00:00,1009062.3339997065,0.0012106965445679574
2017-05-22 20:00:00+00:00,1005805.300999706,-0.0032277817635808503
2017-05-23 20:00:00+00:00,1006120.2179997058,0.0003130993639492985
2017-05-24 20:00:00+00:00,1004480.0259997054,-0.0016302147304636527
2017-05-25 20:00:00+00:00,1006168.0299997047,0.0016804754263970434
2017-05-26 20:00:00+00:00,1004462.6149997045,-0.0016949604331999435
2017-05-30 20:00:00+00:00,1011311.1589997039,0.006818117367166865
2017-05-31 20:00:00+00:00,1016219.0429997033,0.004852991046646604
2017-06-01 20:00:00+00:00,1010645.2099997028,-0.0054848735992464315
2017-06-02 20:00:00+00:00,1009757.6139997027,-0.0008782468775568875
2017-06-05 20:00:00+00:00,1013722.4159997021,0.003926488837548314
2017-06-06 20:00:00+00:00,1015391.3469997013,0.001646339247962203
2017-06-07 20:00:00+00:00,1010888.2749997011,-0.004434814235226736
2017-06-08 20:00:00+00:00,997406.6609997007,-0.013336403570418653
2017-06-09 20:00:00+00:00,959719.4579996999,-0.037785192814159596
2017-06-12 20:00:00+00:00,957026.636999699,-0.002805841829666922
2017-06-13 20:00:00+00:00,954397.7649996988,-0.002746916228206331
2017-06-14 20:00:00+00:00,960989.0699996985,0.006906245217372042
2017-06-15 20:00:00+00:00,959817.8899996977,-0.0012187235386571516
2017-06-16 20:00:00+00:00,952663.5709996972,-0.007453829600949313
2017-06-19 20:00:00+00:00,941763.7899996969,-0.011441374827172668
2017-06-20 20:00:00+00:00,952132.9249996959,0.011010335192439547
2017-06-21 20:00:00+00:00,966202.9669996952,0.014777392557876023
2017-06-22 20:00:00+00:00,963214.6589996944,-0.0030928367041557214
2017-06-23 20:00:00+00:00,972608.362999694,0.009752451244621874
2017-06-26 20:00:00+00:00,972986.5059996931,0.0003887926676189313
2017-06-27 20:00:00+00:00,963903.8179996924,-0.00933485505091225
2017-06-28 20:00:00+00:00,970827.3249996919,0.0071827778567858935
2017-06-29 20:00:00+00:00,959133.0889996918,-0.01204563952709492
2017-06-30 20:00:00+00:00,963860.4289996916,0.004928763332448627
2017-07-03 17:00:00+00:00,955454.7419996914,-0.00872085495689845
2017-07-05 20:00:00+00:00,966960.4139996907,0.012042090006187944
2017-07-06 20:00:00+00:00,968482.8579996903,0.001574463626388134
2017-07-07 20:00:00+00:00,984179.6749996899,0.016207635344646087
2017-07-10 20:00:00+00:00,1002882.8319996893,0.01900380334516183
2017-07-11 20:00:00+00:00,1015074.9059996894,0.012157027332584613
2017-07-12 20:00:00+00:00,1028183.3549996887,0.012913775054944843
2017-07-13 20:00:00+00:00,1009722.8819996882,-0.01795445618744329
2017-07-14 20:00:00+00:00,1020822.0089996872,0.010992250644075607
2017-07-17 20:00:00+00:00,1018756.9519996869,-0.002022935420469496
2017-07-18 20:00:00+00:00,1029306.4349996865,0.010355250071464539
2017-07-19 20:00:00+00:00,1006117.1599996864,-0.022529029462452832
2017-07-20 20:00:00+00:00,1007974.2709996861,0.0018458198248008095
2017-07-21 20:00:00+00:00,1009519.2839996857,0.0015327901162272006
2017-07-24 20:00:00+00:00,1014074.7009996852,0.004512461596524631
2017-07-25 20:00:00+00:00,1025105.7469996851,0.01087794221582028
2017-07-26 20:00:00+00:00,1019196.6689996845,-0.005764359450032841
2017-07-27 20:00:00+00:00,1025269.1229996844,0.005958078734656702
2017-07-28 20:00:00+00:00,1016660.1739996838,-0.00839676998641381
2017-07-31 20:00:00+00:00,1015411.8149996831,-0.001227901940025422
2017-08-01 20:00:00+00:00,1008161.8079996826,-0.007139967147223758
2017-08-02 20:00:00+00:00,1004605.5339996817,-0.0035274833581098175
2017-08-03 20:00:00+00:00,1018102.4689996814,0.013435059377250091
2017-08-04 20:00:00+00:00,1011232.6589996804,-0.006747660681690415
2017-08-07 20:00:00+00:00,1007270.0569996801,-0.003918585861259816
2017-08-08 20:00:00+00:00,1008707.5569996801,0.0014271247219259653
2017-08-09 20:00:00+00:00,1009780.5819996797,0.0010637622297497984
2017-08-10 20:00:00+00:00,1010577.3419996792,0.0007890427031402858
2017-08-11 20:00:00+00:00,1025773.9489996787,0.015037549694048469
2017-08-14 20:00:00+00:00,1025890.3219996782,0.00011344897198162229
2017-08-15 20:00:00+00:00,1032379.2149996776,0.006325133263126226
2017-08-16 20:00:00+00:00,1030580.8939996772,-0.0017419190292407016
2017-08-17 20:00:00+00:00,1018195.5749996764,-0.01201780381541262
2017-08-18 20:00:00+00:00,1024667.9389996759,0.006356700185032205
2017-08-21 20:00:00+00:00,1008525.5949996753,-0.01575373190241458
2017-08-22 20:00:00+00:00,1022978.6149996745,0.014330841053175059
2017-08-23 20:00:00+00:00,1031881.679999674,0.008703080269182761
2017-08-24 20:00:00+00:00,1030233.4419996737,-0.0015973129787523188
2017-08-25 20:00:00+00:00,1025719.6859996732,-0.004381294390171875
2017-08-28 20:00:00+00:00,1030073.9749996728,0.004245106201462789
2017-08-29 20:00:00+00:00,1033786.9139996723,0.003604536266437197
2017-08-30 20:00:00+00:00,1040459.9069996721,0.006454901788398804
2017-08-31 20:00:00+00:00,1029127.8009996717,-0.010891439375764422
2017-09-01 20:00:00+00:00,1022234.1559996711,-0.006698531507266847
2017-09-05 20:00:00+00:00,1015940.5719996707,-0.006156695081124375
2017-09-06 20:00:00+00:00,1019074.0919996703,0.0030843536387485937
2017-09-07 20:00:00+00:00,1017840.8299996692,-0.0012101789356464554
2017-09-08 20:00:00+00:00,1023061.5139996686,0.005129175256214813
2017-09-11 20:00:00+00:00,1019206.418999668,-0.0037681947246057668
2017-09-12 20:00:00+00:00,1017570.0169996675,-0.0016055648487837137
2017-09-13 20:00:00+00:00,1015861.4709996668,-0.0016790451482034952
2017-09-14 20:00:00+00:00,1015673.1579996669,-0.0001853727160403551
2017-09-15 20:00:00+00:00,1038544.636999666,0.022518542328167523
2017-09-18 20:00:00+00:00,1046759.5169996654,0.007909992221164508
2017-09-19 20:00:00+00:00,1046278.1179996651,-0.000459894552838791
2017-09-20 20:00:00+00:00,1039939.5189996643,-0.006058235273159629
2017-09-21 20:00:00+00:00,1046774.318999664,0.006572305288075064
2017-09-22 20:00:00+00:00,1046917.9269996634,0.0001371909850984565
2017-09-25 20:00:00+00:00,1062789.5419996632,0.015160324024143801
2017-09-26 20:00:00+00:00,1062109.9469996626,-0.0006394445684156924
2017-09-27 20:00:00+00:00,1074913.577999662,0.01205490169465806
2017-09-28 20:00:00+00:00,1072780.3119996618,-0.0019845930348838525
2017-09-29 20:00:00+00:00,1080807.6859996608,0.007482775280463372
2017-10-02 20:00:00+00:00,1074625.2969996606,-0.005720156397927667
2017-10-03 20:00:00+00:00,1067097.7169996602,-0.007004841614111634
2017-10-04 20:00:00+00:00,1073122.9619996594,0.005646385428450085
2017-10-05 20:00:00+00:00,1072972.3649996594,-0.00014033526942647256
2017-10-06 20:00:00+00:00,1073255.4749996585,0.0002638558170129368
2017-10-09 20:00:00+00:00,1079757.0879996575,0.0060578428449209465
2017-10-10 20:00:00+00:00,1074838.879999657,-0.00455492078233255
2017-10-11 20:00:00+00:00,1075913.7999996564,0.001000075471776496
2017-10-12 20:00:00+00:00,1078107.731999655,0.002039133618324529
2017-10-13 20:00:00+00:00,1074046.1839996541,-0.0037672932671281023
2017-10-16 20:00:00+00:00,1072564.4079996536,-0.0013796203758040804
2017-10-17 20:00:00+00:00,1067466.6609996532,-0.004752858627397272
2017-10-18 20:00:00+00:00,1074450.2169996526,0.0065421771518929805
2017-10-19 20:00:00+00:00,1092669.4659996524,0.01695681075934452
2017-10-20 20:00:00+00:00,1092065.3759996523,-0.0005528570338947381
2017-10-23 20:00:00+00:00,1093451.925999652,0.001269658420156805
2017-10-24 20:00:00+00:00,1093188.8139996512,-0.00024062511917033458
2017-10-25 20:00:00+00:00,1077725.3379996505,-0.014145292928331776
2017-10-26 20:00:00+00:00,1073103.9729996503,-0.004288073071175846
2017-10-27 20:00:00+00:00,1064908.2669996503,-0.00763738296214711
2017-10-30 20:00:00+00:00,1062884.1199996502,-0.0019007712332849147
2017-10-31 20:00:00+00:00,1061649.1779996497,-0.0011618783052296244
2017-11-01 20:00:00+00:00,1054513.286999649,-0.006721515118060184
2017-11-02 20:00:00+00:00,1042433.0089996483,-0.011455785478409641
2017-11-03 20:00:00+00:00,1043994.1199996477,0.0014975648185753254
2017-11-06 21:00:00+00:00,1041926.8129996471,-0.001980190271570925
2017-11-07 21:00:00+00:00,1045440.1019996469,0.003371915336246367
2017-11-08 21:00:00+00:00,1045440.1019996469,0.0
2017-11-09 21:00:00+00:00,1038497.949999646,-0.006640411044805283
2017-11-10 21:00:00+00:00,1039971.0279996461,0.0014184698198014267
2017-11-13 21:00:00+00:00,1040766.8339996458,0.000765219394169403
2017-11-14 21:00:00+00:00,1045139.2619996449,0.004201160007372584
2017-11-15 21:00:00+00:00,1040362.0299996444,-0.0045709047336528474
2017-11-16 21:00:00+00:00,1034680.3699996439,-0.005461233528488596
2017-11-17 21:00:00+00:00,1026844.3959996433,-0.007573328176703864
2017-11-20 21:00:00+00:00,1024925.2779996422,-0.0018689472401831608
2017-11-21 21:00:00+00:00,1028243.9229996415,0.003237938483160896
2017-11-22 21:00:00+00:00,1019078.2109996408,-0.008913947162714209
2017-11-24 18:00:00+00:00,1021042.9209996402,0.001927928571912263
2017-11-27 21:00:00+00:00,1016333.9149996401,-0.004611956954159946
2017-11-28 21:00:00+00:00,1006346.9489996393,-0.009826461414509047
2017-11-29 21:00:00+00:00,989153.4889996381,-0.017085022235216463
2017-11-30 21:00:00+00:00,991777.3449996376,0.002652627756136283
2017-12-01 21:00:00+00:00,986872.0729996372,-0.004945940764559564
2017-12-04 21:00:00+00:00,976038.6929996368,-0.010977491709813991
2017-12-05 21:00:00+00:00,984935.6669996355,0.009115390674375723
2017-12-06 21:00:00+00:00,996370.2969996354,0.01160951967028745
2017-12-07 21:00:00+00:00,1013285.8469996343,0.01697717209248073
2017-12-08 21:00:00+00:00,1000642.5569996345,-0.012477515636320269
2017-12-11 21:00:00+00:00,995151.026999634,-0.005488003644844475
2017-12-12 21:00:00+00:00,977667.5469996335,-0.01756867000651441
2017-12-13 21:00:00+00:00,979997.7469996328,0.0023834277890786293
2017-12-14 21:00:00+00:00,975449.5269996321,-0.0046410514860115715
2017-12-15 21:00:00+00:00,971838.2669996314,-0.003702149521880971
2017-12-18 21:00:00+00:00,977410.146999631,0.005733340813180554
2017-12-19 21:00:00+00:00,974110.7869996306,-0.0033756146384692487
2017-12-20 21:00:00+00:00,967256.2569996299,-0.007036704748043521
2017-12-21 21:00:00+00:00,957074.7569996292,-0.010526166076798571
2017-12-22 21:00:00+00:00,956111.8369996288,-0.0010061074048375307
2017-12-26 21:00:00+00:00,957545.2069996286,0.0014991656253287022
2017-12-27 21:00:00+00:00,954571.4069996282,-0.0031056497158170604
2017-12-28 21:00:00+00:00,964269.1769996273,0.01015929235768831
