Symbol,Name,Last Sale,Net Change,% Change,Market Cap,Country,IPO Year,Volume,Sector,Industry
ACCS,ACCESS Newswire Inc. Common Stock,$5.27,-0.18,-3.303%,20169892.00,United States,,12628,Consumer Discretionary,Professional Services
ACU,Acme United Corporation. Common Stock,$62.90,0.58,0.931%,241147467.00,United States,1988,27593,Consumer Discretionary,Industrial Machinery/Components
AEF,abrdn Emerging Markets ex-China Fund Inc. Common Stock,$9.60,0.05,0.524%,1030680000.00,United States,,91407,Finance,Finance/Investors Services
AEON,AEON Biopharma Inc. Class A Common Stock,$0.2766,-0.0193,-6.522%,13797580.00,United States,,363800,Health Care,Biotechnology: Pharmaceutical Preparations
AGIG,Abundia Global Impact Group Inc. Common stock,$1.11,0.04,3.738%,49006856.00,United States,,158310,Energy,Oil & Gas Production
AIB,AIB Data Centers Inc. Common Stock,$1.06,-0.08,-7.018%,80538234.00,,2026,979974,Finance,Investment Bankers/Brokers/Service
AIM,AIM ImmunoTech Inc. Common Stock,$0.236,0.01,4.425%,7184345.00,,,38187914,Health Care,Biotechnology: Biological Products (No Diagnostic Substances)
AIRI,Air Industries Group Common Stock,$2.61,-0.05,-1.88%,12660217.00,United States,,21620,Industrials,Military/Government/Technical
AMBO,Ambow Education Holding Ltd. American Depository Shares (each representing twenty (20) Class A Ordinary Shares),$2.03,0.02,0.995%,5806454.00,China,,3414,Real Estate,Other Consumer Services
AMS,American Shared Hospital Services Common Stock,$1.4639,0.0239,1.66%,9734935.00,United States,1988,3269,Health Care,Medical Specialities
AMZE,Amaze Holdings Inc. Common Stock,$0.1556,-0.0114,-6.826%,3240241.00,,2021,2462420,Consumer Discretionary,Catalog/Specialty Distribution
APT,Alpha Pro Tech Ltd. Common Stock,$5.26,-0.25,-4.537%,53684707.00,Canada,2000,18128,Health Care,Industrial Specialties
APUS,Apimeds Pharmaceuticals US Inc. Common Stock,$3.54,-0.34,-8.763%,5342278.00,,2025,29252,Health Care,Biotechnology: Pharmaceutical Preparations
ARMP,Armata Pharmaceuticals Inc. Common Stock,$5.28,-0.23,-4.174%,196320849.00,United States,,46473,Health Care,Biotechnology: Biological Products (No Diagnostic Substances)
ASM,Avino Silver & Gold Mines Ltd. Common Shares (Canada),$7.01,-0.29,-3.973%,1190685450.00,Canada,,3462657,Basic Materials,Metal Mining
ATCH,AtlasClear Holdings Inc. Common Stock,$0.1897,0.002,1.066%,28519076.00,,2024,963679,Finance,Finance: Consumer Services
ATNM,Actinium Pharmaceuticals Inc. (Delaware) Common Stock,$0.9955,-0.0245,-2.402%,31299950.00,United States,,30069,Health Care,Biotechnology: Pharmaceutical Preparations
AUST,Austin Gold Corp. Common Shares,$1.16,-0.03,-2.521%,15883881.00,,2022,38275,Basic Materials,Precious Metals
AWX,Avalon Holdings Corporation Common Stock,$2.66,0.05,1.916%,10372486.00,United States,1998,6349,Utilities,Environmental Services
AXIL,AXIL Brands Inc. Common Stock,$7.00,0.36,5.422%,47758767.00,,2024,99420,Consumer Discretionary,Package Goods/Cosmetics
AZTR,Azitra Inc Common Stock,$0.1767,0.0017,0.971%,10708681.00,,2023,370163,Health Care,Biotechnology: Pharmaceutical Preparations
BATL,Battalion Oil Corporation Common Stock,$1.37,0.02,1.481%,78476552.00,United States,,6741847,Energy,Oil & Gas Production
BCHT,Birchtech Corp. Common Stock,$1.18,-0.02,-1.667%,31041040.00,,2026,78793,Industrials,Industrial Machinery/Components
BCV,Bancroft Fund Ltd.,$24.01,-0.24,-0.99%,0.00,United States,1972,15910,Finance,Finance/Investors Services
BCV^A,Bancroft Fund Limited 5.375% Series A Cumulative Preferred Shares,$20.08,0.04,0.20%,,United States,,177,,
BDL,Flanigan's Enterprises Inc. Common Stock,$45.25,-1.62,-3.456%,84103777.00,United States,1972,7591,Consumer Discretionary,Restaurants
BESS,Bimergen Energy Corporation Common Stock,$2.81,-0.09,-3.103%,19944180.00,,2026,51896,Utilities,Electric Utilities: Central
BHB,Bar Harbor Bankshares Inc. Common Stock,$38.85,-0.38,-0.969%,651362208.00,United States,1997,47169,Finance,Major Banks
BHM,Bluerock Homes Trust Inc. Class A Common Stock,$8.50,0.10,1.19%,34918238.00,,2022,1426,Real Estate,Real Estate Investment Trusts
BKTI,BK Technologies Corporation Common Stock,$72.72,0.35,0.484%,274109968.00,United States,,37635,Technology,Radio And Television Broadcasting And Communications Equipment
BQ,Boqii Holding Limited Class A Ordinary Shares,$0.8901,-0.0234,-2.562%,7013644.00,,2025,39452,Consumer Discretionary,Other Specialty Stores
BRBS,Blue Ridge Bankshares Inc. Common Stock,$3.90,0.00,0.00%,349786527.00,United States,,1157504,Finance,Major Banks
BRIA,BrilliA Inc Class A Ordinary Shares,$1.44,0.13,9.924%,44100000.00,,2024,2772,Consumer Discretionary,Apparel
BRN,Barnwell Industries Inc. Common Stock,$0.985,0.027,2.818%,14217795.00,United States,1965,71694,Energy,Oil & Gas Production
BTG,B2Gold Corp Common shares (Canada),$5.20,-0.28,-5.109%,6869567962.00,Canada,,44003065,Basic Materials,Precious Metals
BUDA,Buda Juice Inc. Common Stock,$8.25,-0.25,-2.941%,103674995.00,,2026,2060,Consumer Staples,Beverages (Production/Distribution)
CANF,Can-Fite Biopharma Ltd American Depositary Shares each representing two (2) Ordinary Shares,$3.29,0.11,3.459%,7048980.00,Israel,,15330,Health Care,Biotechnology: Pharmaceutical Preparations
CATX,Perspective Therapeutics Inc. Common Stock,$3.10,-0.06,-1.899%,353870155.00,United States,,703709,Health Care,Biotechnology: Pharmaceutical Preparations
CCEL,Cryo-Cell International Inc. Common Stock,$4.1646,-0.0354,-0.843%,33577712.00,United States,2022,6415,Health Care,Misc Health and Biotechnology Services
CET,Central Securities Corporation Common Stock,$54.06,-0.32,-0.588%,13083882312.00,United States,1951,31666,Finance,Finance/Investors Services
CEV,Eaton Vance California Municipal Income Trust Shares of Beneficial Interest,$10.66,-0.02,-0.187%,74977910.00,United States,1999,23104,Finance,Finance/Investors Services
CHOW,ChowChow Cloud International Holdings Limited Ordinary Shares,$0.502,-0.0865,-14.698%,17815980.00,,2025,613426,Technology,Computer Software: Prepackaged Software
CIK,Credit Suisse Asset Management Income Fund Inc. Common Stock,$2.42,-0.01,-0.412%,0.00,United States,,186364,Finance,Finance/Investors Services
CITR,CitroTech Inc. Common Stock,$5.75,-0.24,-4.007%,129682476.00,,,17087,Industrials,Major Chemicals
CIX,CompX International Inc. Common Stock,$33.00,1.17,3.676%,407109681.00,United States,1998,13831,Consumer Discretionary,Industrial Machinery/Components
CKX,CKX Lands Inc. Common Stock,$11.35,0.00,0.00%,23303014.00,United States,2003,142,Energy,Oil & Gas Production
CLDI,Calidi Biotherapeutics Inc. Common Stock,$1.33,-0.01,-0.746%,3436965.00,,2021,48521,Health Care,Biotechnology: Biological Products (No Diagnostic Substances)
CLM,Cornerstone Strategic Investment Fund Inc. Common Shares,$6.57,-0.09,-1.351%,0.00,United States,2003,2576536,Finance,Finance/Investors Services
CMCL,Caledonia Mining Corporation Plc Common Shares,$25.07,-0.24,-0.948%,484730431.00,Canada,,169575,Basic Materials,Precious Metals
CMT,Core Molding Technologies Inc Common Stock,$24.72,-0.33,-1.317%,218748120.00,United States,1996,15986,Industrials,Plastic Products
COE,51Talk Online Education Group American depositary shares each representing 60 Class A ordinary shares,$15.22,0.22,1.467%,91431334.00,China,2016,38500,Real Estate,Other Consumer Services
COHN,Cohen & Company Inc.,$11.23,0.04,0.357%,36261333.00,United States,,12925,Finance,Investment Bankers/Brokers/Service
COPR,Idaho Copper Corporation Common Stock,$3.31,-0.20,-5.698%,61133469.00,,2026,74258,Basic Materials,Metal Mining
CPHI,China Pharma Holdings Inc. Common Stock,$0.8853,-0.0002,-0.023%,38087378.00,China,,165823,Health Care,Biotechnology: Pharmaceutical Preparations
CRF,Cornerstone Total Return Fund Inc. (The) Common Stock,$6.34,-0.07,-1.092%,0.00,United States,2003,1816300,Finance,Finance/Investors Services
CTGO,Contango Silver & Gold Inc. Common Stock,$18.80,-0.70,-3.59%,628684991.00,United States,2021,297505,Basic Materials,Precious Metals
CTM,Castellum Inc. Common Stock,$0.57,-0.0339,-5.614%,54025333.00,,2022,1344877,Consumer Discretionary,Professional Services
CVM,Cel-Sci Corporation Common Stock,$1.61,-0.01,-0.617%,28318269.00,United States,1997,70044,Health Care,Biotechnology: Biological Products (No Diagnostic Substances)
CVR,Chicago Rivet & Machine Co. Common Stock,$10.46,-0.015,-0.143%,10105741.00,United States,1930,510,Industrials,Industrial Machinery/Components
CVU,CPI Aerostructures Inc. Common Stock,$5.09,-0.15,-2.863%,67441146.00,United States,2022,145685,Industrials,Military/Government/Technical
DC,Dakota Gold Corp. Common Stock,$5.81,-0.27,-4.441%,779545078.00,United States,2022,1005678,Basic Materials,Metal Mining
DDC,DDC Enterprise Limited Class A Ordinary Shares,$0.3425,-0.0345,-9.151%,15763725.00,,2023,1421333,Consumer Staples,Packaged Foods
DHY,Credit Suisse High Yield Credit Fund Common Stock,$1.71,0.01,0.588%,0.00,United States,1998,288477,Finance,Finance/Investors Services
DIT,AMCON Distributing Company Common Stock,$69.00,0.00,0.00%,67345932.00,United States,1999,60,Consumer Discretionary,Food Distributors
DNN,Denison Mines Corp Ordinary Shares (Canada),$3.20,-0.19,-5.605%,2896691606.00,Canada,,22905965,Basic Materials,Other Metals and Minerals
DSS,DSS Inc. Common Stock,$0.548,0.0107,1.991%,5503300.00,United States,,43111,Consumer Discretionary,Containers/Packaging
DXF,Eason Technology Limited American Depositary Shares (each representing sixty-thousand (60000) Ordinary Shares),$0.4883,0.0119,2.498%,1580117.00,,,123492,Finance,Finance: Consumer Services
EAD,Allspring Income Opportunities Fund Common Shares,$6.40,0.00,0.00%,0.00,United States,2003,259584,Finance,Finance/Investors Services
ECF,Ellsworth Growth and Income Fund Ltd.,$12.19,-0.12,-0.975%,0.00,United States,1986,25891,Finance,Finance/Investors Services
ECF^A,Ellsworth Growth and Income Fund Ltd. 5.25% Series A Cumulative Preferred Shares (Liquidation Preference $25.00 per share),$19.96,-0.06,-0.30%,,United States,,353,,
EDVA,Endovia Health Sciences Inc. Common Stock,$0.2954,-0.0066,-2.185%,2196129.00,,2021,95944,Consumer Staples,Beverages (Production/Distribution)
EGG,Enigmatig Limited Class A Ordinary Shares,$2.885,0.075,2.669%,80333402.00,,2025,11069,Consumer Discretionary,Professional Services
EIM,Eaton Vance Municipal Bond Fund Common Shares of Beneficial Interest $.01 par value,$9.49,-0.09,-0.939%,0.00,United States,2002,152104,Finance,Finance/Investors Services
ELA,Envela Corporation Common Stock,$13.82,0.02,0.145%,358815238.00,United States,,168480,Consumer Discretionary,Consumer Specialties
ELLO,Ellomay Capital Ltd Ordinary Shares (Israel),$19.70,-1.30,-6.19%,271529631.00,Israel,,7769,Utilities,Electric Utilities: Central
ELMD,Electromed Inc. Common Stock,$27.10,-0.87,-3.11%,226723017.00,United States,2011,167984,Health Care,Biotechnology: Electromedical & Electrotherapeutic Apparatus
EONR,EON Resources Inc. Class A Common Stock,$0.5611,0.0354,6.734%,28037238.00,,2022,1519362,Energy,Oil & Gas Production
EP,Empire Petroleum Corporation Common Stock,$3.07,-0.09,-2.848%,127642437.00,United States,2022,26685,Energy,Oil & Gas Production
EPM,Evolution Petroleum Corporation Inc. Common Stock,$3.69,-0.01,-0.27%,132654921.00,United States,,404872,Energy,Oil & Gas Production
EQX,Equinox Gold Corp. Common Shares,$12.18,-0.68,-5.288%,14219660632.00,Canada,,11905315,Basic Materials,Precious Metals
ERC,Allspring Multi-Sector Income Fund Common Stock,$9.22,-0.11,-1.179%,0.00,United States,2003,109123,Finance,Finance/Investors Services
ERH,Allspring Utilities and High Income Fund Common Shares,$11.31,0.03,0.266%,0.00,,2004,41118,Finance,Finance/Investors Services
ESP,Espey Mfg. & Electronics Corp. Common Stock,$62.22,-0.39,-0.623%,186406267.00,United States,1960,25706,Technology,Industrial Machinery/Components
EVI,EVI Industries Inc.  Common Stock,$13.41,-0.60,-4.283%,172574805.00,United States,1999,31758,Consumer Discretionary,Other Consumer Services
EVV,Eaton Vance Limited Duration Income Fund Common Shares of Beneficial Interest,$9.07,-0.02,-0.22%,0.00,United States,2003,294608,Finance,Finance/Investors Services
EXOD,Exodus Movement Inc. Class A Common Stock,$7.37,-0.23,-3.026%,222598011.00,United States,,109937,Finance,Finance: Consumer Services
FAX,abrdn Asia-Pacific Income Fund Inc. Common Stock,$14.65,-0.05,-0.34%,0.00,United States,1986,129194,Finance,Investment Managers
FJET,Starfighters Space Inc. Common Stock,$2.97,-0.35,-10.542%,163338176.00,United States,2025,824923,Consumer Discretionary,Air Freight/Delivery Services
FLYX,flyExclusive Inc. Class A Common Stock,$1.19,0.02,1.709%,121477280.00,,2023,351437,Consumer Discretionary,Transportation Services
FSI,Flexible Solutions International Inc. Common Stock (CDA),$5.78,-0.18,-3.02%,73825038.00,Canada,2002,8319,Industrials,Major Chemicals
FSP,Franklin Street Properties Corp. Common Stock,$0.4003,-0.0045,-1.112%,41635887.00,United States,,380120,Real Estate,Real Estate Investment Trusts
FTF,Franklin Limited Duration Income Trust Common Shares of Beneficial Interest,$5.78,0.01,0.173%,233543062.00,United States,2003,179429,Finance,Finance/Investors Services
FURY,Fury Gold Mines Limited Common Shares,$0.595,0.0045,0.762%,113128656.00,,2020,197407,Basic Materials,Precious Metals
GAU,Galiano Gold Inc.,$2.15,-0.11,-4.867%,562422293.00,Canada,,3475548,Industrials,Mining & Quarrying of Nonmetallic Minerals (No Fuels)
GBR,New Concept Energy Inc Common Stock,$0.77,0.0001,0.013%,3951589.00,United States,1993,25473,Energy,Oil & Gas Production
GCDT,Green Circle Decarbonize Technology Limited Class A Ordinary Shares,$0.373,-0.037,-9.024%,4662500.00,,2026,168837,Industrials,Industrial Machinery/Components
GENC,Gencor Industries Inc. Common Stock,$18.47,-0.09,-0.485%,270727756.00,United States,,78330,Industrials,Construction/Ag Equipment/Trucks
GGN,GAMCO Global Gold Natural Resources & Income Trust,$5.56,-0.07,-1.243%,0.00,United States,2005,412509,Finance,Finance/Investors Services
GGN^B,GAMCO Global Gold Natural Reources & Income Trust 5.00% Series B Cumulative 25.00 Liquidation Preference,$18.97,-0.035,-0.184%,,United States,,3460,,
GLDG,GoldMining Inc. Common Shares,$1.03,-0.05,-4.63%,220529384.00,,,442871,Basic Materials,Precious Metals
GLO,Clough Global Opportunities Fund Common Stock,$5.70,-0.05,-0.87%,0.00,United States,2006,73852,Finance,Finance/Investors Services
GLQ,Clough Global Equity Fund Clough Global Equity Fund Common Shares of Beneficial Interest,$7.90,-0.13,-1.619%,0.00,United States,2005,63283,Finance,Finance/Investors Services
GLU,Gabelli Global Utility Common Shares of Beneficial Ownership,$19.10,-0.01,-0.052%,114006200.00,United States,2004,1207,Finance,Finance/Investors Services
GLU^A,The Gabelli Global Utility and Income Trust Series A Cumulative Puttable and Callable Preferred Shares,$62.77,0.00,0.00%,,United States,,1,,
GLU^B,The Gabelli Global Utility and Income Trust Series B Cumulative Puttable and Callable Preferred Shares,$50.65,0.3399,0.676%,,United States,,403,,
GLV,Clough Global Dividend and Income Fund Common Shares of beneficial interest,$6.06,-0.05,-0.818%,77020073.00,United States,2004,39012,Finance,Finance/Investors Services
GMTL,Guardian Metal Resources PLC ADS,$11.33,-1.39,-10.928%,439622083.00,,2026,188460,Basic Materials,Metal Mining
GNS,Genius Group Limited Ordinary Shares,$0.1827,0.0066,3.748%,35068810.00,Singapore,2022,3646423,Technology,Computer Software: Prepackaged Software
GORO,Goldgroup Mining Inc. Common Shares,$3.58,-0.11,-2.981%,482917681.00,Canada,2026,945011,Basic Materials,Precious Metals
GPUS,Hyperscale Data Inc. Common Stock,$0.2393,-0.0408,-14.566%,33683320.00,United States,1997,29255975,Technology,Industrial Machinery/Components
GPUS^D,Hyperscale Data Inc. 13.00% Series D Cumulative Redeemable Perpetual Preferred Stock,$18.20,0.75,4.298%,,United States,,1931,,
GRF,Eagle Capital Growth Fund Inc. Common Stock,$10.1302,0.0803,0.799%,0.00,United States,,26762,Finance,Finance/Investors Services
GRO,Brazil Potash Corp. Common Shares,$2.62,0.02,0.769%,162299083.00,,2024,577533,Industrials,Mining & Quarrying of Nonmetallic Minerals (No Fuels)
GROY,Gold Royalty Corp. Common Shares,$3.20,-0.12,-3.614%,738589443.00,Canada,2021,2514124,Basic Materials,Precious Metals
GTE,Gran Tierra Energy Inc. Common Stock,$10.34,0.19,1.872%,397056000.00,Canada,,618250,Energy,Oil & Gas Production
HCWC,Healthy Choice Wellness Corp. Class A Common Stock,$7.44,-0.97,-11.534%,6899610.00,,2024,150996,Consumer Staples,Food Chains
HSLV,Highlander Silver Corp. Common Shares,$5.20,-0.32,-5.797%,1058321774.00,,,785601,,
HYLN,Hyliion Holdings Corp. Class A Common Stock,$3.42,-0.05,-1.441%,610802486.00,United States,2019,1475886,Consumer Discretionary,Construction/Ag Equipment/Trucks
IAF,abrdn Australia Equity Fund Inc. Common Stock,$13.21,-0.11,-0.826%,0.00,United States,1985,31381,Finance,Finance/Investors Services
IAUX,i-80 Gold Corp. Common Shares,$1.70,-0.12,-6.593%,1472032861.00,Canada,2022,12643366,Basic Materials,Precious Metals
IBO,Impact BioMedical Inc. Common Stock,$0.458,-0.0031,-0.672%,49382124.00,,2024,26678,Health Care,Biotechnology: Pharmaceutical Preparations
IDR,Idaho Strategic Resources Inc. Common Stock,$31.00,-1.54,-4.733%,490611270.00,United States,2022,196340,Basic Materials,Precious Metals
IE,Ivanhoe Electric Inc. Common Stock,$10.03,-1.03,-9.313%,1600690298.00,Canada,2022,2252478,Basic Materials,Metal Mining
IGC,IGC Pharma Inc. Common Stock,$0.2967,-0.0025,-0.836%,30674035.00,United States,,774724,Health Care,Biotechnology: Pharmaceutical Preparations
IHT,InnSuites Hospitality Trust Shares of Beneficial Interest,$1.39,0.11,8.594%,13069939.00,United States,1999,181777,Real Estate,Real Estate Investment Trusts
IMC,IMC Rare Earths Ltd Ordinary Shares,$8.58,-1.21,-12.36%,901758000.00,,2026,47254,Basic Materials,Metal Mining
IMO,Imperial Oil Limited Common Stock,$134.94,3.60,2.741%,65256039420.00,Canada,1929,708239,Energy,Integrated oil Companies
INDO,Indonesia Energy Corporation Limited Ordinary Shares,$3.02,0.18,6.338%,46468257.00,,2019,581728,Energy,Oil & Gas Production
INFU,InfuSystems Holdings Inc. Common Stock,$12.10,-0.05,-0.412%,240997890.00,United States,,72238,Health Care,Medical/Dental Instruments
INLX,Intellinetics Inc. Common Stock,$5.2527,-0.2699,-4.887%,23610855.00,,2022,17689,Technology,Computer Software: Prepackaged Software
INTT,inTest Corporation Common Stock,$10.46,-0.34,-3.148%,134157722.00,United States,1997,138430,Industrials,Electrical Products
INUV,Inuvo Inc.,$0.667,-0.033,-4.714%,10994214.00,United States,,222752,Consumer Discretionary,Advertising
IOR,Income Opportunity Realty Investors Inc. Common Stock,$19.32,-0.70,-3.497%,78558559.00,United States,1987,557,Real Estate,Real Estate Investment Trusts
ISOU,IsoEnergy Ltd. Common Shares,$10.70,-0.46,-4.122%,698082541.00,,2025,119239,,
ITP,IT Tech Packaging Inc. Common Stock,$0.1608,-0.0178,-9.966%,2728040.00,China,,1102037,Consumer Discretionary,Containers/Packaging
ITRG,Integra Resources Corp. Common Shares,$2.66,-0.14,-5.00%,539642366.00,,,2095942,Basic Materials,Precious Metals
JAGU,Jaguar Uranium Corp. Class A Common Shares,$1.61,-0.02,-1.227%,32511981.00,Canada,2026,13380,Basic Materials,Metal Mining
JOB,GEE Group Inc. Common Stock,$0.2551,-0.0015,-0.585%,28028012.00,United States,1968,152309,Consumer Discretionary,Diversified Commercial Services
KAPA,Kairos Pharma Ltd. Common Stock,$1.65,-0.03,-1.786%,39101177.00,,2024,78981,Health Care,Biotechnology: Pharmaceutical Preparations
KNRX,KNOREX LTD. Class A Ordinary Shares,$0.394,0.0176,4.676%,11986707.00,,2025,57949,Technology,Computer Software: Programming Data Processing
KULR,KULR Technology Group Inc. Common Stock,$2.44,-0.08,-3.175%,112923986.00,United States,,554631,Technology,Electrical Products
LCTX,Lineage Cell Therapeutics Inc. Common Stock,$1.08,-0.02,-1.818%,273140061.00,United States,,902669,Health Care,Biotechnology: Biological Products (No Diagnostic Substances)
LEGO,Legato Merger Corp. IV Ordinary Shares,$9.97,0.00,0.00%,302161149.00,,2026,2640,Industrials,Military/Government/Technical
LGCY,Legacy Education Inc. Common Stock,$10.81,-0.14,-1.279%,136768531.00,,2024,25674,Real Estate,Other Consumer Services
LGL,LGL Group Inc. (The) Common Stock,$7.36,-0.08,-1.075%,92832777.00,United States,1946,15519,Technology,Industrial Machinery/Components
LGPS,LogProstyle Inc. Common Shares,$1.03,-0.11,-9.649%,24319196.00,,2025,897617,Consumer Discretionary,Homebuilding
LODE,Comstock Inc. Common Stock,$3.29,-0.02,-0.604%,250017125.00,United States,,1167498,Industrials,Major Chemicals
LPA,Logistic Properties of the Americas Ordinary Shares,$3.12,0.09,2.97%,98647583.00,,2024,10644,Finance,Real Estate
LSF,Laird Superfood Inc. Common Stock,$3.95,-0.22,-5.276%,44211892.00,,2020,29920,Consumer Staples,Packaged Foods
LUD,Luda Technology Group Limited Ordinary Shares,$4.28,0.025,0.588%,97113200.00,Hong Kong,2025,3093,Industrials,Steel/Iron Ore
LXFR,Luxfer Holdings PLC Ordinary Shares,$17.19,0.01,0.058%,459991353.00,United Kingdom,2012,403361,Basic Materials,Major Chemicals
MAIA,MAIA Biotechnology Inc. Common Stock,$1.30,-0.01,-0.763%,79084468.00,,2022,321264,Health Care,Biotechnology: Pharmaceutical Preparations
MCRP,Micropolis AI Robotics Ordinary Shares,$0.9453,-0.0427,-4.322%,32980049.00,,2025,368167,Consumer Discretionary,Auto Parts:O.E.M.
MGLD,The Marygold Companies Inc. Common Stock,$1.04,0.00,0.00%,44523660.00,,2022,2489,Finance,Finance: Consumer Services
MHH,Mastech Digital Inc Common Stock,$7.435,-0.005,-0.067%,89313540.00,United States,,6344,Consumer Discretionary,Professional Services
MI,NFT Limited Class A Ordinary Share,$2.30,-0.18,-7.258%,1174677.00,,2023,40779,Finance,Finance: Consumer Services
MINE,Mayfair Gold Corp. Common Shares,$3.09,-0.10,-3.135%,207457953.00,,2026,180785,Energy,Oil & Gas Production
MITQ,Moving iMage Technologies Inc. Common Stock,$0.5824,-0.0375,-6.049%,5789680.00,United States,2021,21297,Consumer Discretionary,Industrial Machinery/Components
MLSS,Milestone Scientific Inc. Common Stock,$0.458,-0.0188,-3.943%,40642547.00,United States,2015,69310,Health Care,Industrial Specialties
MMA,Mixed Martial Arts Group Limited Ordinary Shares,$0.4223,-0.0291,-6.447%,11183999.00,,2024,1143152,Consumer Discretionary,Other Consumer Services
MPTI,M-tron Industries Inc. Common Stock,$74.87,-1.29,-1.694%,325420658.00,United States,2022,81769,Technology,Industrial Machinery/Components
MPU,Mega Matrix Inc. Class A Ordinary Shares,$0.1711,-0.0299,-14.876%,11707663.00,United States,1998,239760,Consumer Discretionary,Movies/Entertainment
MRT,Marti Technologies Inc. Class A Ordinary Shares,$2.14,-0.15,-6.55%,184131434.00,,2021,78649,Consumer Discretionary,Rental/Leasing Companies
MSN,Emerson Radio Corporation Common Stock,$0.49,0.017,3.594%,10310899.00,United States,1994,677156,Consumer Staples,Consumer Electronics/Appliances
MTA,Metalla Royalty & Streaming Ltd. Common Shares,$9.87,-0.55,-5.278%,922804276.00,Canada,,450720,Basic Materials,Precious Metals
MTNB,Matinas Biopharma Holdings Inc. Common Stock,$0.1977,0.00,0.00%,2904766.00,United States,2017,322476,Health Care,Biotechnology: Pharmaceutical Preparations
MWG,Multi Ways Holdings Limited Class A Ordinary Shares,$1.2108,0.0008,0.066%,6225963.00,,2023,2019,Consumer Discretionary,Miscellaneous manufacturing industries
MXC,Mexco Energy Corporation Common Stock,$9.4146,-0.7354,-7.245%,19262272.00,United States,2003,5615,Energy,Oil & Gas Production
MYND,Mynd.ai Inc. American Depositary Shares,$0.3851,-0.0192,-4.749%,18155387.00,,2017,4645,Technology,Computer peripheral equipment
MYO,Myomo Inc. Common Stock,$1.43,-0.06,-4.027%,56639231.00,United States,2017,236588,Health Care,Industrial Specialties
NAK,Northern Dynasty Minerals Ltd. Common Stock,$1.56,-0.12,-7.143%,876909793.00,Canada,,5127895,Basic Materials,Precious Metals
NBH,Neuberger Municipal Fund Inc. Common Stock,$10.12,-0.02,-0.197%,0.00,United States,2002,52457,Finance,Finance/Investors Services
NEN,New England Realty Associates Limited Partnership Class A Depositary Receipts Evidencing Units of Limited Partnership,$55.455,0.00,0.00%,153846256.00,United States,,28,Real Estate,Building operators
NEWP,New Pacific Metals Corp. Common Shares,$6.51,-0.27,-3.982%,1204804756.00,Canada,2021,494192,Basic Materials,Precious Metals
NFGC,New Found Gold Corp Common Shares,$1.74,-0.15,-7.937%,668782135.00,,2021,1250795,Basic Materials,Precious Metals
NG,Novagold Resources Inc.,$8.03,-0.57,-6.628%,3523408330.00,Canada,2003,5461559,Basic Materials,Precious Metals
NHC,National HealthCare Corporation Common Stock,$218.97,2.44,1.127%,3429375663.00,United States,1986,129223,Health Care,Hospital/Nursing Management
NHS,Neuberger High Yield Strategies Fund Inc. Common Stock,$5.94,-0.01,-0.168%,0.00,United States,,323485,Finance,Trusts Except Educational Religious and Charitable
NINE,Nine Energy Service Inc. Common Stock,$10.43,-0.21,-1.974%,145498396.00,,2026,73166,Energy,Oilfield Services/Equipment
NML,Neuberger Energy Infrastructure and Income Fund Inc. Common Stock,$10.70,-0.05,-0.465%,0.00,United States,2013,158641,Finance,Finance/Investors Services
NNVC,NanoViricides Inc. Common Stock,$1.21,-0.04,-3.20%,30888097.00,United States,,203836,Health Care,Biotechnology: Pharmaceutical Preparations
NRO,Neuberger Real Estate Securities Income Fund Inc. Common Stock,$2.90,-0.01,-0.344%,0.00,United States,2003,109036,Finance,Finance/Investors Services
NRXS,Neuraxis Inc. Common Stock,$5.81,-0.20,-3.328%,72960615.00,United States,2023,58722,Health Care,Biotechnology: Electromedical & Electrotherapeutic Apparatus
NSRX,Nasus Pharma Ltd. Ordinary Shares,$3.825,-0.259,-6.342%,44793841.00,,2025,15681,Health Care,Biotechnology: Pharmaceutical Preparations
NTIP,Network-1 Technologies Inc. Common Stock,$1.57,0.02,1.29%,35895194.00,United States,,27676,Miscellaneous,Multi-Sector Companies
NVA,Nova Minerals Corp Common Stock,$5.18,0.00,0.00%,2336326092.00,,2026,294122,Basic Materials,Precious Metals
NXB,NextBoat Inc. Common Stcok,$2.21,0.02,0.913%,55565798.00,,2025,51506,Industrials,Marine Transportation
OBE,Obsidian Energy Ltd. Common Shares,$12.13,0.68,5.939%,809381164.00,Canada,2022,842068,Energy,Oil & Gas Production
OGEN,Oragenics Inc. Common Stock,$0.499,-0.0108,-2.118%,2251467.00,United States,,16140,Health Care,Biotechnology: Pharmaceutical Preparations
OPHC,OptimumBank Holdings Inc. Common Stock,$8.95,-0.05,-0.556%,112971107.00,United States,,59934,Finance,Major Banks
OPP^C,RiverNorth/DoubleLine Strategic Opportunity Fund Inc. 6.00% Series C Term Preferred Stock (Liquidation Preference $10.00 per share),$10.1501,0.00,0.00%,,United States,,30,,
OPTT,Ocean Power Technologies Inc. Common Stock,$0.1669,-0.0063,-3.637%,45086170.00,United States,2007,2066371,Utilities,Electric Utilities: Central
OSTX,OS Therapies Incorporated Common Stock,$1.66,-0.03,-1.775%,77141511.00,,2024,400269,Health Care,Biotechnology: Pharmaceutical Preparations
OZ,Belpointe PREP LLC Class A Units,$48.075,-0.0972,-0.202%,194879993.00,,,12922,Finance,Real Estate
PAAI,Paradium.AI Inc. Common Stock,$0.93,-0.04,-4.124%,44277907.00,United States,2022,112201,Technology,EDP Services
PAPL,Pineapple Financial Inc. Common Stock,$0.9872,-0.0124,-1.24%,24947726.00,,,19959,Finance,Finance: Consumer Services
PCG^A,Pacific Gas & Electric Co. 6% Preferred Stock,$21.28,0.28,1.333%,,United States,,11060,,
PCG^B,Pacific Gas & Electric Co. 5 1/2% Preferred Stock,$19.41,0.405,2.131%,,United States,,18577,,
PCG^C,Pacific Gas & Electric Co. 5% 1st Preferred Stock,$17.67,0.02,0.113%,,United States,,1579,,
PCG^D,Pacific Gas & Electric Co. 5% 1st  Red. Preferred Stock,$17.27,0.01,0.058%,,United States,,5052,,
PCG^E,Pacific Gas & Electric Co. 5% 1st A Preferred Stock,$17.80,0.00,0.00%,,United States,,167,,
PCG^G,Pacific Gas & Electric Co. 4.80% 1st Preferred Stock,$16.3439,-0.6061,-3.576%,,United States,,2231,,
PCG^H,Pacific Gas & Electric Co. 4.50% 1st Preferred Stock,$15.83,0.32,2.063%,,United States,,387,,
PCG^I,Pacific Gas & Electric Co. 4.36% 1st Preferred Stock,$15.37,0.00,0.00%,,United States,,22,,
PED,Pedevco Corp. Common Stock,$13.77,0.16,1.176%,183031019.00,United States,,11155,Energy,Oil & Gas Production
PHGE,BiomX Inc. COmmon Stock,$0.143,0.0059,4.303%,3821513.00,,2019,4171267,Health Care,Biotechnology: Biological Products (No Diagnostic Substances)
PHXE^,Phoenix Energy One LLC Series A Cumulative Redeemable Preferred Shares,$24.81,-0.41,-1.626%,,,,5058,,
PLAG,Planet Green Holdings Corp. Common Stock,$0.6511,-0.019,-2.835%,9266920.00,China,,288200,Consumer Staples,Packaged Foods
PLG,Platinum Group Metals Ltd. Ordinary Shares (Canada),$1.43,-0.06,-4.027%,182875710.00,Canada,,1057585,Basic Materials,Precious Metals
PLX,Protalix BioTherapeutics Inc. (DE) Common Stock,$2.59,0.02,0.778%,208680553.00,Israel,,598257,Health Care,Biotechnology: Biological Products (No Diagnostic Substances)
PMI,Picard Medical Inc. Common Stock,$3.86,-4.60,-54.374%,9027127.00,,2025,1572856,Health Care,Medical/Dental Instruments
POAS,Phaos Technology Holdings (Cayman) Limited Class A Ordinary Shares,$0.1632,-0.0078,-4.561%,5152551.00,,2025,192469,Industrials,Industrial Machinery/Components
PRK,Park National Corporation Common Stock,$191.41,-3.88,-1.987%,3457661057.00,United States,1994,125693,Finance,Major Banks
PTHS,Pelthos Therapeutics Inc. Common Stock,$24.82,0.74,3.073%,95022601.00,,2024,18866,Health Care,Biotechnology: Biological Products (No Diagnostic Substances)
PW,Power REIT (MD) Common Stock,$7.42,0.00,0.00%,2724030.00,United States,1998,356468,Real Estate,Real Estate Investment Trusts
PW^A,Power REIT 7.75% Series A Cumulative Perpetual Preferred Stock,$9.05,-0.44,-4.636%,,United States,,1053,,
PZG,Paramount Gold Nevada Corp. Common Stock,$1.33,-0.08,-5.674%,114093227.00,United States,2015,282359,Basic Materials,Metal Mining
QNC,Quantum eMotion Corp. Common Shares,$1.96,-0.07,-3.448%,430062553.00,,2026,412382,,
RCG,RENN Fund Inc Common Stock,$2.95,0.009,0.306%,0.00,United States,,867,Finance,Investment Managers
REA,Rare Earths Americas Inc. Common Stock,$13.74,-0.32,-2.276%,274166476.00,,2026,105446,Basic Materials,Metal Mining
REED,Reed's Inc. Common Stock,$0.87,-0.0801,-8.431%,10315665.00,,2025,752310,Consumer Staples,Beverages (Production/Distribution)
REI,Ring Energy Inc. Common Stock,$1.50,0.03,2.041%,390809411.00,United States,,3091237,Energy,Oil & Gas Production
REPX,Riley Exploration Permian Inc. Common Stock,$39.43,0.40,1.025%,873523743.00,United States,1999,315847,Energy,Oil & Gas Production
RGNT,Regentis Biomaterials Ltd. Ordinary Shares,$2.06,0.02,0.98%,14469277.00,Israel,2025,38496,Health Care,Industrial Specialties
RLGT,Radiant Logistics Inc. Common Stock,$8.29,-0.25,-2.927%,388234511.00,United States,,183288,Industrials,Integrated Freight & Logistics
ROLR,High Roller Technologies Inc. Common Stock,$6.11,-0.04,-0.65%,67389102.00,,2024,32214,Consumer Discretionary,Services-Misc. Amusement & Recreation
RVP,Retractable Technologies Inc. Common Stock,$0.72,-0.012,-1.639%,21554754.00,United States,2001,15479,Health Care,Medical/Dental Instruments
RYDE,Ryde Group Ltd. Class A Ordinary Shares,$0.7024,0.0309,4.602%,126590957.00,,2024,37257,Consumer Discretionary,Business Services
SACH,Sachem Capital Corp. Common Shares,$0.873,-0.027,-3.00%,41864394.00,United States,2017,101481,Real Estate,Real Estate Investment Trusts
SACH^A,Sachem Capital Corp. 7.75% Series A Cumulative Redeemable Preferred Stock,$21.1501,-0.3349,-1.559%,,United States,,1951,,
SBMT,Silver Bow Mining Corp. Common Shares,$8.61,-0.20,-2.27%,254240385.00,,2026,83511,Basic Materials,Precious Metals
SCCD,Sachem Capital Corp. 6.00% Notes due 2026,$24.90,-0.05,-0.20%,1178822971.00,United States,,2753,Real Estate,Real Estate Investment Trusts
SCCE,Sachem Capital Corp. 6.00% Notes due 2027,$24.60,0.02,0.081%,1164620285.00,United States,2022,3356,Real Estate,Real Estate Investment Trusts
SCCF,Sachem Capital Corp. 7.125% Notes due 2027,$24.74,0.09,0.365%,1171248205.00,United States,2022,2055,Real Estate,Real Estate Investment Trusts
SCCG,Sachem Capital Corp. 8.00% Notes due 2027,$24.85,0.0001,0.00%,1176455857.00,United States,2022,1289,Real Estate,Real Estate Investment Trusts
SDEV,Stablecoin Development Corporation Common Stock,$0.8598,-0.0854,-9.035%,43519153.00,United States,,701707,Health Care,Biotechnology: Pharmaceutical Preparations
SEB,Seaboard Corporation Common Stock,$4123.38,213.13,5.451%,3949348624.00,United States,1996,28012,Industrials,Farming/Seeds/Milling
SER,Serina Therapeutics Inc. Common Stock,$2.50,0.08,3.306%,63501183.00,United States,2018,32400,Health Care,Biotechnology: Pharmaceutical Preparations
SIF,SIFCO Industries Inc. Common Stock,$21.51,-1.93,-8.234%,134526293.00,United States,1969,127112,Industrials,Aerospace
SIM,Grupo Simec S.A.B. de C.V. American Depositary Shares,$30.28,0.00,0.00%,5023544990.00,Mexico,1998,354,Industrials,Steel/Iron Ore
SLI,Standard Lithium Ltd. Common Shares,$2.49,-0.18,-6.742%,614492563.00,Canada,2021,2075833,Industrials,Major Chemicals
SLND,Southland Holdings Inc. Common Stock,$0.62,-0.0194,-3.034%,33749859.00,United States,,116967,Industrials,Military/Government/Technical
SLSR,Solaris Resources Inc. Common Shares,$8.25,-0.38,-4.403%,1378041456.00,,2024,241944,,
SMJF,SMJ International Holdings Inc. Class A Ordinary Shares,$1.11,0.05,4.717%,30752550.00,,2025,1924469,Consumer Discretionary,RETAIL: Building Materials
SNSC,SunScout Holding Limited Class A Ordinary Shares,$1.25,-0.08,-6.015%,47625000.00,,2026,54970,Technology,Semiconductors
SOAR,Volato Group Inc. Class A Common Stock,$0.2507,0.0182,7.828%,13445855.00,,2022,16660630,Consumer Discretionary,Transportation Services
SRXH,SRX Global Inc. Common Stock,$1.63,-0.05,-2.976%,33032587.00,,2021,673770,Consumer Staples,Beverages (Production/Distribution)
STRW,Strawberry Fields REIT Inc. Common Stock,$13.60,0.11,0.815%,192539770.00,United States,2023,63553,Real Estate,Real Estate Investment Trusts
STXS,Stereotaxis Inc. Common Stock,$1.37,-0.07,-4.861%,137276984.00,United States,,598640,Health Care,Biotechnology: Electromedical & Electrotherapeutic Apparatus
SVM,Silvercorp Metals Inc. Common Shares,$11.90,-0.54,-4.341%,2628839841.00,Canada,,3186724,Basic Materials,Precious Metals
SYNX,Silynxcom Ltd. Ordinary Shares,$0.8603,-0.0304,-3.413%,5707609.00,,2024,14669,Consumer Staples,Consumer Electronics/Appliances
TGB,Trekor Metals Limited Common Shares,$8.44,-0.60,-6.637%,3089236804.00,Canada,,3788310,Basic Materials,Precious Metals
TGEN,Tecogen Inc. Common Stock,$3.01,-0.05,-1.634%,90865344.00,United States,2025,432099,Industrials,Industrial Machinery/Components
THM,International Tower Hill Mines Ltd. Ordinary Shares (Canada),$2.40,-0.08,-3.226%,627929935.00,Canada,,846020,Basic Materials,Metal Mining
TII,Titan Mining Corporation Common Shares,$2.81,-0.09,-3.103%,278134716.00,,2025,259202,,
TMDE,TMD Energy Limited Ordinary Shares,$0.76,0.0416,5.791%,17909400.00,,2025,882890,Energy,Oil Refining/Marketing
TMP,Tompkins Financial Corporation Common Stock,$95.55,-1.57,-1.617%,1374286573.00,United States,1997,127325,Finance,Major Banks
TMQ,Trilogy Metals Inc. Common Stock,$3.35,-0.26,-7.202%,578697891.00,Canada,,1095616,Basic Materials,Precious Metals
TONT,Graf Global Corp. Class A ordinary shares,$10.865,0.0049,0.045%,0.00,,2024,322,,
TOON,Kartoon Studios Inc. Common Stock,$0.6308,-0.0005,-0.079%,39238349.00,United States,,138717,Consumer Discretionary,Movies/Entertainment
TOPP,Toppoint Holdings Inc. Common Stock,$0.1684,-0.0076,-4.318%,4159480.00,,2025,2060889,Industrials,Trucking Freight/Courier Services
TOPS,TOP Ships Inc. Common Stock,$0.7575,0.0045,0.598%,4197815.00,Greece,,80519,Consumer Discretionary,Marine Transportation
TOVX,Theriva Biologics Inc. Common Stock,$0.249,-0.001,-0.40%,11427274.00,United States,,488987,Health Care,Biotechnology: Pharmaceutical Preparations
TP,Ticketplus Ltd. Ordinary Shares,$8.81,-1.44,-14.049%,141606117.00,,2026,66283,Consumer Discretionary,Services-Misc. Amusement & Recreation
TPET,Trio Petroleum Corp. Common Stock,$1.91,0.07,3.804%,9394583.00,,2023,686652,Energy,Oil & Gas Production
TRT,Trio-Tech International Common Stock,$9.86,-0.14,-1.40%,99710226.00,United States,1998,86084,Technology,Industrial Machinery/Components
TRX,TRX Gold Corporation Common Stock,$1.09,-0.05,-4.386%,356946670.00,Canada,,3643833,Basic Materials,Precious Metals
UAC,United Acquisition Corp. I Class A Ordinary Shares,$9.95,0.00,0.00%,0.00,,2026,35,Finance,Blank Checks
UAVS,AgEagle Aerial Systems Inc. Common Stock,$1.04,-0.08,-7.143%,65421934.00,United States,,1593761,Industrials,Aerospace
UEC,Uranium Energy Corp. Common Stock,$11.59,-0.65,-5.31%,5735570722.00,Canada,,9341570,Basic Materials,Other Metals and Minerals
UMAC,Unusual Machines Inc. Common Stock,$22.65,-1.02,-4.309%,1131514838.00,United States,2024,2205985,Technology,Radio And Television Broadcasting And Communications Equipment
URG,Ur Energy Inc Common Shares (Canada),$1.34,-0.08,-5.634%,533137385.00,Canada,,5415319,Basic Materials,Precious Metals
USAS,Americas Gold and Silver Corporation Common Shares no par value,$5.05,-0.32,-5.959%,1707695951.00,Canada,2017,4280291,Basic Materials,Metal Mining
USBC,USBC Inc. Common Stock,$0.479,0.056,13.239%,185921181.00,United States,,1243941,Finance,Finance: Consumer Services
UTG,Reaves Utility Income Fund Common Shares of Beneficial Interest,$37.54,-0.19,-0.504%,0.00,United States,2004,311146,Finance,Investment Managers
UUU,Universal Safety Products Inc. Common Stock,$5.37,0.31,6.126%,16262846.00,United States,2003,61061,Technology,Electronic Components
UUUU,Energy Fuels Inc Ordinary Shares (Canada),$14.22,-0.53,-3.593%,3553108740.00,Canada,,5996199,Industrials,Mining & Quarrying of Nonmetallic Minerals (No Fuels)
VENU,Venu Holding Corporation Common Stock,$1.86,-0.06,-3.125%,109496971.00,United States,2024,446770,Consumer Discretionary,Services-Misc. Amusement & Recreation
VGZ,Vista Gold Corp Common Stock,$2.10,-0.08,-3.67%,306539827.00,United States,1986,782570,Basic Materials,Precious Metals
VIDA,VIDA Global Inc. Class A Common Stock,$2.57,-0.17,-6.204%,37478135.00,,2026,614378,Technology,Computer Software: Prepackaged Software
VKI,Invesco Advantage Municipal Income Trust II Common Shares of Beneficial Interest (DE),$8.82,-0.15,-1.672%,391661096.00,United States,1993,81013,Finance,Finance Companies
VNRX,VolitionRX Limited Common Stock,$0.3942,-0.0397,-9.15%,7382557.00,Singapore,2015,2177989,Health Care,Biotechnology: In Vitro & In Vivo Diagnostic Substances
VNTG,Vantage Corp Class A Ordinary Shares,$0.61,0.0044,0.727%,18703143.00,Singapore,2025,10990,Industrials,Integrated Freight & Logistics
VTAK,Catheter Precision Inc. Common Stock,$0.1983,-0.0054,-2.651%,3762157.00,,2018,490451,Health Care,Medical/Dental Instruments
VZLA,Vizsla Silver Corp. Common Shares,$3.86,-0.19,-4.691%,1364646775.00,Canada,2024,6159538,Basic Materials,Precious Metals
WRN,Western Copper and Gold Corporation Common Stock,$2.36,-0.15,-5.976%,533774005.00,Canada,2011,1127201,Basic Materials,Metal Mining
WWR,Westwater Resources Inc. Common Stock,$0.5841,-0.0016,-0.273%,75094719.00,United States,,682599,Basic Materials,Metal Mining
WYY,WidePoint Corporation Common Stock,$10.23,0.05,0.491%,102282149.00,United States,,99986,Technology,EDP Services
XPL,Solitario Resources Corp. Common Stock,$0.766,-0.016,-2.046%,72528299.00,United States,,204026,Basic Materials,Precious Metals
XTNT,Xtant Medical Holdings Inc. Common Stock,$0.368,-0.024,-6.122%,51625969.00,United States,,758236,Health Care,Medical/Dental Instruments
YCBD,cbdMD Inc. Common Stock,$0.4999,0.0099,2.02%,5601402.00,United States,2017,113484,Consumer Discretionary,Package Goods/Cosmetics
ZDGE,Zedge Inc. Class B Common Stock ,$3.00,-0.04,-1.316%,39205893.00,,2016,97228,Technology,Computer Software: Prepackaged Software
ZONE,Zone Frontier Inc. Class B Common Stock,$0.15,-0.0006,-0.398%,33939103.00,,2024,3575214,Consumer Discretionary,Specialty Chemicals
